layer,anomaly,R,ci_lo,ci_hi,n,spearman,dR_vs_base,dR_lo,dR_hi,P(dR>0),R_IV_X,R_IV_X_lo,R_IV_X_hi,n_IV_X
RZ_0_100,clim_2016_2024,0.5834286013280848,0.4999434447330762,0.6652813896162703,2976,0.5959693390722202,0.0,0.0,0.0,0.0,0.6269010679919663,0.5256881565511679,0.7130808012564568,1749
RZ_0_100,clim_1991_2020,0.5807866565701998,0.5004721826151055,0.6557200057707305,2976,0.5946440361011178,-0.0026419447578850397,-0.03291131270140394,0.029134808872621546,0.424,0.6209851633686437,0.5246772785752924,0.6999257907201426,1749
RZ_0_100,anom35_vs_anom35,0.41007913402419066,0.3356017656079875,0.4809039225635528,2962,0.4368239102821058,0.0,0.0,0.0,0.0,0.44490931423156294,0.35088289371048403,0.5276769186537097,1749
RZ_0_100,anom35_vs_climz,0.304236396908479,0.2371361625650053,0.3723406607597028,2976,0.3336787367650041,-0.27919220441960585,-0.3678766593779114,-0.18154885576995658,0.0,0.33290384810200613,0.25399990629344266,0.4123908407306176,1749
L1_0_7,clim_2016_2024,0.6270347452096956,0.5623085423877058,0.6857783688566311,2976,0.617121144187301,0.04360614388161077,-0.029693379764779468,0.11762294320452443,0.867,0.5342237322899783,0.4490677212224447,0.611190723921894,1749
L1_0_7,clim_1991_2020,0.6089652624750247,0.5416530474369171,0.667958129654937,2976,0.6092239495297507,0.025536661146939865,-0.04826955984433522,0.10473275322712368,0.744,0.5228276706741476,0.43262183063919196,0.6006274805626202,1749
L1_0_7,anom35_vs_anom35,0.3253763007981133,0.25307658552124673,0.39169393277913533,2962,0.3763710498293314,-0.08470283322607736,-0.13997399916159817,-0.021662605212968228,0.003,0.25596479232468644,0.17757676753543167,0.32774748707391055,1749
L1_0_7,anom35_vs_climz,0.2381964118293747,0.18588801830971205,0.297723443240925,2976,0.27842704932266016,-0.34523218949871015,-0.44821978139433477,-0.24088942546240935,0.0,0.20785009673088414,0.13619984301338472,0.2812073330569227,1749
L2_7_28,clim_2016_2024,0.6925891053876628,0.6207395937625225,0.7476082916212586,2976,0.6954822806602676,0.109160504059578,0.0529776076630087,0.16585488570086973,1.0,0.651357542079486,0.556811916150607,0.7301734125182805,1749
L2_7_28,clim_1991_2020,0.6804710562794697,0.6127027773229221,0.7380603148995071,2976,0.6893927370161388,0.09704245495138486,0.03898577526193095,0.15750812980648587,1.0,0.6449642357067041,0.552946442157606,0.7263881872486502,1749
L2_7_28,anom35_vs_anom35,0.5084862583200226,0.4027566622380125,0.5936148282357605,2962,0.5150030423416765,0.09840712429583193,0.03762958379181559,0.15482933609672528,1.0,0.45743967287561543,0.33585511393436274,0.5612527356409631,1749
L2_7_28,anom35_vs_climz,0.3430235533861381,0.28142880842682,0.41052877292502615,2976,0.3533905719579758,-0.24040504794194673,-0.33576642978454363,-0.140643857195047,0.0,0.3236142753173918,0.2503004647023577,0.40114228312748046,1749
W_0_28,clim_2016_2024,0.6912698495792997,0.6243102524316312,0.745835837821514,2976,0.6910015317579349,0.10784124825121488,0.0498114019463171,0.16784082153702715,1.0,0.6397130546718192,0.5530135198041634,0.7166378104491314,1749
W_0_28,clim_1991_2020,0.6754267269292568,0.61049534764408,0.7322621861985154,2976,0.683169124487703,0.09199812560117193,0.03176665329607766,0.15676568013897307,0.999,0.6289867486839429,0.5400033082608617,0.7096754274154724,1749
W_0_28,anom35_vs_anom35,0.4805304268652218,0.3819890894859753,0.5609013213934589,2962,0.4962050359909438,0.07045129284103113,0.014514363911041467,0.12850029708246183,0.994,0.4182683402918035,0.3085392839013116,0.5095801096506549,1749
W_0_28,anom35_vs_climz,0.33151318598626894,0.27086591707140106,0.39758155215981095,2976,0.34660972492673,-0.2519154153418159,-0.35111996341166485,-0.14928856118952286,0.0,0.30692819144650174,0.2322828101061044,0.3864519341276277,1749
M_20_30,clim_2016_2024,0.6787677135155802,0.6079425070902724,0.7382227824360655,2976,0.6829662089027534,0.09533911218749536,0.053320747435650566,0.13880451899329516,1.0,0.6589912549951837,0.5658948263750416,0.7363716255876039,1749
M_20_30,clim_1991_2020,0.6678555686628023,0.598531004483,0.7278845128452995,2976,0.6771404628036051,0.08442696733471744,0.036261502901510034,0.1359227606343721,1.0,0.6528720989976313,0.5629394630262019,0.7315162662791601,1749
M_20_30,anom35_vs_anom35,0.5049198138354896,0.39990100922743393,0.5889462341632857,2962,0.5100183624529799,0.0948406798112989,0.04011442704988035,0.14703668358320243,1.0,0.4623853718797728,0.34371662192502117,0.5663221724685634,1749
M_20_30,anom35_vs_climz,0.34381460917803536,0.2821698002180294,0.41066565198328264,2976,0.3557003298897766,-0.23961399215004947,-0.3387961608698424,-0.14082950893271548,0.0,0.32828530523958416,0.25383963132069365,0.4065775417099745,1749
L3_28_100,clim_2016_2024,0.48106918120029807,0.3825086328317606,0.5769094882052452,2976,0.4938313994532766,-0.10235942012778676,-0.13053433949942922,-0.0745151539725799,0.0,0.5384676725963579,0.41845608642091003,0.6409798922181335,1749
L3_28_100,clim_1991_2020,0.48500849124079903,0.3945800504335715,0.5716396550264546,2976,0.49685420199481833,-0.0984201100872858,-0.1373832150469165,-0.061950949924053436,0.0,0.5345751050475613,0.41959120323710997,0.6339545087816125,1749
L3_28_100,anom35_vs_anom35,0.13055745343305764,0.060924573641492084,0.21325835150581748,2962,0.22814694314072612,-0.279521680591133,-0.35779533274896647,-0.1951735405422899,0.0,0.25324627752389917,0.14246951611417205,0.3669385997527101,1749
L3_28_100,anom35_vs_climz,0.1286398386986604,0.06544471535511523,0.19758791538963713,2976,0.19974644420798893,-0.4547887626294244,-0.5430292790126238,-0.3610161396474554,0.0,0.20160117580094042,0.0906788759926181,0.3126481630502889,1749
