,RZ_0_100,L1_0_7,L2_7_28,W_0_28,M_20_30,L3_28_100,n_days
2016,0.6942833144960261,0.7016204114444093,0.7181289474260942,0.72613308551468,0.7219333520093687,0.6415458213532336,293
2017,0.21432793070493975,0.5542872444981831,0.6274331257877549,0.6310881829805831,0.551723717174453,-0.11238046553160441,318
2018,0.344455922156171,0.5450142181190961,0.6344074544501364,0.6296018908476424,0.5886951903670007,0.16673458316343617,344
2019,0.6359964162639306,0.734285900656475,0.7686544899188211,0.7786466437525332,0.7587352725553661,0.4574753303592957,332
2020,0.24672451741704327,0.5052605757922441,0.45063642846478097,0.4951064197983611,0.40442112893635473,-0.021731796441114636,356
2021,0.6839256242327373,0.5982454952951866,0.6903776077142013,0.6758899831906179,0.6984824426866894,0.594240928305909,354
2022,0.7165243078870437,0.6014376958683664,0.7736943402344544,0.7521349365999074,0.78732979376485,0.5687045892553856,274
2023,0.6182357343751936,0.6981857026849282,0.8082445527966758,0.7970484820501005,0.7825972484963216,0.370741274218061,340
2024,0.5522964426946799,0.5138156847462304,0.6179991609258171,0.5945077013623297,0.6239758724376437,0.4508842538371113,365
