product,reference,kind,R,ci_lo,ci_hi,n
sm_s1,ismn_5cm,raw,0.19281996848156338,0.09771927787990824,0.2840056129705791,1273
sm_s1,ismn_5cm,anom35,0.3460468993330495,0.24021911924805633,0.44060783084240895,659
sm_s1,ismn_20_30cm,raw,0.31769101750061945,0.22956080374152166,0.39588830108632683,1221
sm_s1,ismn_20_30cm,anom35,0.12375270098802443,0.040936881787549693,0.2111623106172547,645
sm_s1,ismn_20_30cm,clim_z,0.38242247731606444,0.3126605838361215,0.4492433442176801,1221
sm_rel,ismn_5cm,raw,0.19281996848156335,0.09771927787990825,0.28400561297057897,1273
sm_rel,ismn_5cm,anom35,0.34604689933304944,0.24021911924805625,0.440607830842409,659
sm_rel,ismn_20_30cm,raw,0.3176910175006194,0.22956080374152177,0.39588830108632683,1221
sm_rel,ismn_20_30cm,anom35,0.12375270098802442,0.040936881787549693,0.2111623106172547,645
sm_rel,ismn_20_30cm,clim_z,0.3824224773160644,0.31266058383612155,0.44924334421768014,1221
sm_s1,ismn_5cm_seg1_ML3,anom35,0.2873535248508342,0.14557018073140132,0.44101689098132374,288
sm_s1,ismn_5cm_seg2_ML2x,anom35,0.38776533614656084,0.22607508835339554,0.532688199194872,371
ERA5_L1 (S1 days),ismn_5cm,anom35,0.6130028154883986,0.5380253329267997,0.6892233939488926,1273
