triplet,member,R_truth,ci_lo,ci_hi,n
ERA5_RZ+S1_SWI_T10+Condom_20_30,ERA5_RZ,0.8129128969007728,0.7193070204915883,0.8826966941128835,2976
ERA5_RZ+S1_SWI_T10+Condom_20_30,S1_SWI_T10,0.7729571402625829,0.6872036722461294,0.8561128436158842,2976
ERA5_RZ+S1_SWI_T10+Condom_20_30,Condom_20_30,0.717701248869841,0.6372804019150621,0.7895365943865259,2976
ERA5_RZ+S1_SWI_T10+PeyrusseGrande_20_30,ERA5_RZ,0.6593479207569319,0.5039571397164947,0.7902247320451693,3198
ERA5_RZ+S1_SWI_T10+PeyrusseGrande_20_30,S1_SWI_T10,0.9482596423144292,0.8045228525536058,1.0,3198
ERA5_RZ+S1_SWI_T10+PeyrusseGrande_20_30,PeyrusseGrande_20_30,0.4601200070286821,0.3294272938659185,0.5813115846074685,3198
ERA5_L2+S1_SWI_T10+Condom_20_30,ERA5_L2,0.8889340959867937,0.8216066695115186,0.9502528828688479,2976
ERA5_L2+S1_SWI_T10+Condom_20_30,S1_SWI_T10,0.7120213627492028,0.6326048492556723,0.7789333042748584,2976
ERA5_L2+S1_SWI_T10+Condom_20_30,Condom_20_30,0.7791231189291136,0.7095809411190589,0.8385481779298395,2976
ERA5_L2+S1_SWI_T10+PeyrusseGrande_20_30,ERA5_L2,0.899269700771644,0.8160210102493416,0.9935645813841468,3198
ERA5_L2+S1_SWI_T10+PeyrusseGrande_20_30,S1_SWI_T10,0.6912368837692872,0.5967145645754668,0.7723764662147179,3198
ERA5_L2+S1_SWI_T10+PeyrusseGrande_20_30,PeyrusseGrande_20_30,0.631206527793384,0.5188329427794626,0.7303396350341587,3198
