product,rule,season,hits,misses,false_alarms,corr_neg,n,pod,far,csi,freq_bias,ets,pss,pod_lo,far_lo,csi_lo,pod_hi,far_hi,csi_hi
RZ_op1991,thr-0.5,all,39,8,70,195,312,0.8297872340425532,0.6422018348623854,0.3333333333333333,2.3191489361702127,0.22449890060864855,0.5656362906463268,0.5651494565217391,0.53125,0.18181818181818182,0.9615566037735849,0.7974721217600964,0.4528301886792453
RZ_op1991,thr-0.5,IV-X,26,3,55,98,182,0.896551724137931,0.6790123456790124,0.30952380952380953,2.793103448275862,0.18417188345312618,0.5370745999549245,0.5553030303030303,0.5053735144312393,0.11106060606060605,1.0,0.8800149253731343,0.4796303427031188
RZ_op1991,thr-1.0,all,27,20,36,229,312,0.574468085106383,0.5714285714285714,0.3253012048192771,1.3404255319148937,0.23819489862655333,0.4386190285026095,0.21208133971291868,0.42421328671328673,0.11538461538461539,0.8260869565217391,0.8,0.5070646098815111
RZ_op1991,thr-1.0,IV-X,17,12,27,126,182,0.5862068965517241,0.6136363636363636,0.30357142857142855,1.5172413793103448,0.2039030955585464,0.40973630831642993,0.0,0.3499801587301587,0.0,0.8437673611111111,1.0,0.5625679347826084
RZ_op1991,thr-1.5,all,8,39,9,256,312,0.1702127659574468,0.5294117647058824,0.14285714285714285,0.3617021276595745,0.10178132309722306,0.13625050180650342,0.0,0.41935483870967744,0.0,0.2727272727272727,1.0,0.22580645161290322
RZ_op1991,thr-1.5,IV-X,3,26,4,149,182,0.10344827586206896,0.5714285714285714,0.09090909090909091,0.2413793103448276,0.05910735826296743,0.07730448501239576,0.0,0.125,0.0,0.1875,1.0,0.16666666666666666
RZ_op1991,persist2@-1.0,all,21,26,25,240,312,0.44680851063829785,0.5434782608695652,0.2916666666666667,0.9787234042553191,0.2162348537089942,0.35246888799678844,0.09090909090909091,0.3684210526315789,0.058823529411764705,0.7428571428571429,0.867936941410129,0.5107953053615502
RZ_op1991,persist2@-1.0,IV-X,13,16,18,135,182,0.4482758620689655,0.5806451612903226,0.2765957446808511,1.0689655172413792,0.1916394513389941,0.3306288032454361,0.0,0.23333333333333334,0.0,0.7333333333333333,1.0,0.5802756244616708
RZ_op1991,persist2@-0.5,all,34,13,60,205,312,0.723404255319149,0.6382978723404256,0.3177570093457944,2.0,0.21369881930539253,0.49698916097952633,0.35,0.5175879396984925,0.13458333333333333,0.9104544243070362,0.82981178396072,0.45251690679212
RZ_op1991,persist2@-0.5,IV-X,23,6,47,106,182,0.7931034482758621,0.6714285714285714,0.3026315789473684,2.413793103448276,0.18268090154211153,0.48591390579220195,0.3333333333333333,0.4743243243243243,0.07692307692307693,0.9583545918367347,0.9111781609195398,0.5
RZ_op1991,"hyst(-1,-0.5)",all,31,16,56,209,312,0.6595744680851063,0.6436781609195402,0.30097087378640774,1.851063829787234,0.19905872285805967,0.4482537133681252,0.2666176470588235,0.517231693142193,0.12,0.8925297113752119,0.8276108374384235,0.4482758620689655
RZ_op1991,"hyst(-1,-0.5)",IV-X,20,9,42,111,182,0.6896551724137931,0.6774193548387096,0.28169014084507044,2.1379310344827585,0.16558791801510248,0.4151453684922245,0.0,0.46151315789473685,0.0,0.9555797101449275,1.0,0.5001373626373619
L2_op1991,thr-0.5,all,38,9,57,208,312,0.8085106382978723,0.6,0.36538461538461536,2.021276595744681,0.26412464710717215,0.5934162986752307,0.7333333333333333,0.475521609538003,0.2336256561259762,0.9459815078236129,0.7544092945128779,0.4555744336569578
L2_op1991,thr-0.5,IV-X,21,8,49,104,182,0.7241379310344828,0.7,0.2692307692307692,2.413793103448276,0.14729574223245112,0.40387649312598606,0.6045348837209302,0.5285714285714286,0.1162409454822722,1.0,0.8784016775396085,0.38793425115800306
L2_op1991,thr-1.0,all,24,23,25,240,312,0.5106382978723404,0.5102040816326531,0.3333333333333333,1.0425531914893618,0.25717970338772883,0.416298675230831,0.34782608695652173,0.3513175675675676,0.18181818181818182,0.6470985691573925,0.7380952380952381,0.43479267310789044
L2_op1991,thr-1.0,IV-X,12,17,22,131,182,0.41379310344827586,0.6470588235294118,0.23529411764705882,1.1724137931034482,0.14440694310511087,0.27000225377507325,0.2857142857142857,0.4473684210526316,0.1111111111111111,0.7272727272727273,0.8620689655172413,0.3513910969793321
L2_op1991,thr-1.5,all,11,36,4,261,312,0.23404255319148937,0.26666666666666666,0.21568627450980393,0.3191489361702128,0.17932531071217203,0.21894821356884786,0.05763888888888889,0.06428571428571468,0.05405405405405406,0.4444444444444444,0.5,0.392884199134199
L2_op1991,thr-1.5,IV-X,4,25,2,151,182,0.13793103448275862,0.3333333333333333,0.12903225806451613,0.20689655172413793,0.10131675201170445,0.12485913905792202,0.0,0.0,0.0,0.5,1.0,0.3913702239789193
L2_op1991,persist2@-1.0,all,15,32,12,253,312,0.3191489361702128,0.4444444444444444,0.2542372881355932,0.574468085106383,0.19901977945037633,0.27386591730228826,0.15789473684210525,0.23809523809523808,0.10256410256410256,0.40910953800298056,0.7826863354037263,0.3469387755102041
L2_op1991,persist2@-1.0,IV-X,8,21,11,142,182,0.27586206896551724,0.5789473684210527,0.2,0.6551724137931034,0.13449249517015902,0.20396664412891594,0.14285714285714285,0.30434782608695654,0.07136699507389163,0.4444444444444444,0.8947368421052632,0.29271879483500696
L2_op1991,persist2@-0.5,all,29,18,40,225,312,0.6170212765957447,0.5797101449275363,0.3333333333333333,1.4680851063829787,0.24287686707669134,0.4660778803693296,0.4102272727272727,0.42421328671328673,0.15554597701149425,0.7273200757575755,0.8035801820728291,0.45901639344262296
L2_op1991,persist2@-0.5,IV-X,17,12,34,119,182,0.5862068965517241,0.6666666666666666,0.2698412698412698,1.7586206896551724,0.16171022329027737,0.3639846743295019,0.39972222222222226,0.4489619985925405,0.09432488207547171,0.8421052631578947,0.8889492753623185,0.4146341463414634
L2_op1991,"hyst(-1,-0.5)",all,29,18,35,230,312,0.6170212765957447,0.546875,0.35365853658536583,1.3617021276595744,0.2675407512402551,0.4849458048976315,0.41935483870967744,0.41304347826086957,0.18867924528301888,0.7667307692307689,0.7561140408701383,0.4634146341463415
L2_op1991,"hyst(-1,-0.5)",IV-X,16,13,30,123,182,0.5517241379310345,0.6521739130434783,0.2711864406779661,1.5862068965517242,0.16780093577201194,0.3556457065584855,0.375,0.4482758620689655,0.11357323232323233,0.8421052631578947,0.868421052631579,0.3965585659551177
RZ_cv2016,thr-0.5,all,41,6,67,198,312,0.8723404255319149,0.6203703703703703,0.35964912280701755,2.297872340425532,0.2530499803227076,0.6195102368526697,0.6153225806451613,0.507231884057971,0.2068711967545639,0.9722409909909909,0.765625,0.47826863354037263
RZ_cv2016,thr-0.5,IV-X,26,3,47,106,182,0.896551724137931,0.6438356164383562,0.34210526315789475,2.5172413793103448,0.22321809645753307,0.5893621816542709,0.5553030303030303,0.4375,0.140625,1.0,0.8421052631578947,0.5431034482758621
RZ_cv2016,thr-1.0,all,28,19,27,238,312,0.5957446808510638,0.4909090909090909,0.3783783783783784,1.1702127659574468,0.3000048773350242,0.49385788839823364,0.30303030303030304,0.4230769230769231,0.2075309043591412,0.7647288602941175,0.6129032258064516,0.4772727272727273
RZ_cv2016,thr-1.0,IV-X,15,14,17,136,182,0.5172413793103449,0.53125,0.32608695652173914,1.103448275862069,0.24207415368081675,0.40613026819923376,0.14285714285714285,0.3180261519302615,0.07692307692307693,0.7142857142857143,0.8461538461538461,0.5
RZ_cv2016,thr-1.5,all,16,31,11,254,312,0.3404255319148936,0.4074074074074074,0.27586206896551724,0.574468085106383,0.22125155999286858,0.29891609795262947,0.08686594202898551,0.10202020202020211,0.08333333333333333,0.5,0.4666666666666667,0.36363636363636365
RZ_cv2016,thr-1.5,IV-X,8,21,2,151,182,0.27586206896551724,0.2,0.25806451612903225,0.3448275862068966,0.21786248131539612,0.2627901735406806,0.0,0.0,0.0,0.42108187134502906,0.3333333333333333,0.37293432203389804
RZ_cv2016,persist2@-1.0,all,22,25,17,248,312,0.46808510638297873,0.4358974358974359,0.34375,0.8297872340425532,0.27741935483870966,0.40393416298675233,0.15994736842105264,0.2994117647058824,0.128125,0.6610237834882449,0.6153846153846154,0.45454545454545453
RZ_cv2016,persist2@-1.0,IV-X,12,17,8,145,182,0.41379310344827586,0.4,0.32432432432432434,0.6896551724137931,0.2606434839129022,0.36150552174892947,0.0,0.16129032258064516,0.0,0.5833841463414632,1.0,0.5084899845916794
RZ_cv2016,persist2@-0.5,all,35,12,57,208,312,0.7446808510638298,0.6195652173913043,0.33653846153846156,1.9574468085106382,0.23453278338785383,0.5295865114411882,0.4052702702702703,0.5071225135623869,0.1665983606557377,0.8961150918047469,0.7800121951219512,0.46
RZ_cv2016,persist2@-0.5,IV-X,22,7,41,112,182,0.7586206896551724,0.6507936507936508,0.3142857142857143,2.1724137931034484,0.1994868505452213,0.49064683344602206,0.35294117647058826,0.42644712140175217,0.10714285714285714,0.9,0.8621081504702192,0.521758715236976
RZ_cv2016,"hyst(-1,-0.5)",all,33,14,48,217,312,0.7021276595744681,0.5925925925925926,0.3473684210526316,1.7234042553191489,0.2511903379398444,0.52099558410277,0.36363636363636365,0.46793478260869564,0.17186383928571428,0.884071906354515,0.7576018808777428,0.4884127906976742
RZ_cv2016,"hyst(-1,-0.5)",IV-X,20,9,35,118,182,0.6896551724137931,0.6363636363636364,0.3125,1.896551724137931,0.2034218641201631,0.46089700247915266,0.26282894736842105,0.3684210526315789,0.10810810810810811,0.8793275862068964,0.84375,0.5546451914098972
L2_cv2016,thr-0.5,all,36,11,59,206,312,0.7659574468085106,0.6210526315789474,0.33962264150943394,2.021276595744681,0.2365504946341804,0.5433159373745484,0.641,0.48437088815789475,0.2,0.92,0.7826268115942029,0.4482758620689655
L2_cv2016,thr-0.5,IV-X,19,10,44,109,182,0.6551724137931034,0.6984126984126984,0.2602739726027397,2.1724137931034484,0.14233353695784973,0.3675907144466982,0.4209429824561403,0.4880723443223443,0.08195884911341585,1.0,0.9057040531097132,0.408466709346991
L2_cv2016,thr-1.0,all,30,17,24,241,312,0.6382978723404256,0.4444444444444444,0.4225352112676056,1.148936170212766,0.3478127867849495,0.5477318346045765,0.48978506296135477,0.345679012345679,0.2786885245901639,0.8387096774193549,0.627923588039867,0.5211420698101652
L2_cv2016,thr-1.0,IV-X,14,15,16,137,182,0.4827586206896552,0.5333333333333333,0.3111111111111111,1.0344827586206897,0.2292349726775956,0.37818345729096237,0.2727272727272727,0.3333333333333333,0.125,0.8335526315789462,0.8333333333333334,0.46511627906976744
L2_cv2016,thr-1.5,all,19,28,6,259,312,0.40425531914893614,0.24,0.3584905660377358,0.5319148936170213,0.3094199596380444,0.3816138097149739,0.2631578947368421,0.0,0.23529411764705882,0.5806639159789947,0.38095238095238093,0.5277777777777778
L2_cv2016,thr-1.5,IV-X,7,22,2,151,182,0.2413793103448276,0.2222222222222222,0.22580645161290322,0.3103448275862069,0.18825497119494516,0.228307414919991,0.0,0.0,0.0,0.5714285714285714,1.0,0.47619047619047616
L2_cv2016,persist2@-1.0,all,21,26,15,250,312,0.44680851063829785,0.4166666666666667,0.3387096774193548,0.7659574468085106,0.2753229095853161,0.3902047370533922,0.2962962962962963,0.30434782608695654,0.2,0.5953571428571423,0.6129652605459054,0.43478260869565216
L2_cv2016,persist2@-1.0,IV-X,10,19,9,144,182,0.3448275862068966,0.47368421052631576,0.2631578947368421,0.6551724137931034,0.19937156323644933,0.28600405679513186,0.15384615384615385,0.3181818181818182,0.09523809523809523,0.652536231884056,0.8003124999999983,0.4444444444444444
L2_cv2016,persist2@-0.5,all,28,19,38,227,312,0.5957446808510638,0.5757575757575758,0.32941176470588235,1.4042553191489362,0.24058416602613372,0.4523484544359695,0.3461206896551724,0.40540540540540543,0.1346153846153846,0.7000324675324673,0.8157894736842105,0.45239955357142847
L2_cv2016,persist2@-0.5,IV-X,16,13,30,123,182,0.5517241379310345,0.6521739130434783,0.2711864406779661,1.5862068965517242,0.16780093577201194,0.3556457065584855,0.3,0.41304347826086957,0.0768867924528302,0.7600476190476187,0.9090909090909091,0.41490589198036
L2_cv2016,"hyst(-1,-0.5)",all,32,15,29,236,312,0.6808510638297872,0.47540983606557374,0.42105263157894735,1.297872340425532,0.341424802110818,0.5714171015656363,0.5277777777777778,0.352920463960232,0.2631578947368421,0.857225913621262,0.6764943074003794,0.5158257713248637
L2_cv2016,"hyst(-1,-0.5)",IV-X,16,13,21,132,182,0.5517241379310345,0.5675675675675675,0.32,1.2758620689655173,0.22910178148747973,0.41446923597025015,0.375,0.35,0.13786113699906805,0.8421052631578947,0.8333333333333334,0.45098039215686275
EQ_RZ_S1_cv2016,thr-0.5,all,38,9,53,212,312,0.8085106382978723,0.5824175824175825,0.38,1.9361702127659575,0.28150651859005305,0.6085106382978722,0.48384315906562847,0.48,0.19559957924263677,0.9622641509433962,0.7631578947368421,0.49641516600384283
EQ_RZ_S1_cv2016,thr-0.5,IV-X,22,7,33,120,182,0.7586206896551724,0.6,0.3548387096774194,1.896551724137931,0.248632469811126,0.5429344151453684,0.15384615384615385,0.39473684210526316,0.06666666666666667,1.0,0.9000490196078429,0.569629746835443
EQ_RZ_S1_cv2016,thr-1.0,all,34,13,30,235,312,0.723404255319149,0.46875,0.44155844155844154,1.3617021276595744,0.36162923486867143,0.6101967081493377,0.4313025210084034,0.3,0.29408177905308464,0.8714783001808316,0.6071603641456581,0.5135228978978978
EQ_RZ_S1_cv2016,thr-1.0,IV-X,18,11,20,133,182,0.6206896551724138,0.5263157894736842,0.3673469387755102,1.3103448275862069,0.2781473899692937,0.4899707009240478,0.0,0.26560108418367345,0.0,0.8484848484848485,1.0,0.5679082491582491
EQ_RZ_S1_cv2016,thr-1.5,all,21,26,12,253,312,0.44680851063829785,0.36363636363636365,0.3559322033898305,0.7021276595744681,0.2966720056949635,0.40152549177037333,0.18744212962962964,0.0,0.17636916835699798,0.5822784810126582,0.5,0.4383561643835616
EQ_RZ_S1_cv2016,thr-1.5,IV-X,10,19,7,146,182,0.3448275862068966,0.4117647058823529,0.2777777777777778,0.5862068965517241,0.21901303845519063,0.29907595221996847,0.0,0.2222222222222222,0.0,0.4897959183673469,0.6666666666666666,0.41072040117416825
EQ_RZ_S1_cv2016,persist2@-1.0,all,27,20,26,239,312,0.574468085106383,0.49056603773584906,0.3698630136986301,1.127659574468085,0.29248212965245257,0.47635487755921324,0.2592293906810036,0.3255668604651163,0.1841507177033493,0.7553250591016548,0.68,0.4712684729064039
EQ_RZ_S1_cv2016,persist2@-1.0,IV-X,16,13,16,137,182,0.5517241379310345,0.5,0.35555555555555557,1.103448275862069,0.27320297438722113,0.44714897453234165,0.0,0.25,0.0,0.7778248587570619,1.0,0.5789473684210527
EQ_RZ_S1_cv2016,persist2@-0.5,all,33,14,43,222,312,0.7021276595744681,0.5657894736842105,0.36666666666666664,1.6170212765957446,0.2743593928513139,0.5398635086310719,0.3333333333333333,0.45901639344262296,0.16,0.8831168831168831,0.7818181818181819,0.48718354430379746
EQ_RZ_S1_cv2016,persist2@-0.5,IV-X,20,9,26,127,182,0.6896551724137931,0.5652173913043478,0.36363636363636365,1.5862068965517242,0.2657906869525127,0.5197205318909173,0.15384615384615385,0.35714285714285715,0.08823529411764706,0.9014538845979098,0.875,0.5660377358490566
EQ_RZ_S1_cv2016,"hyst(-1,-0.5)",all,35,12,43,222,312,0.7446808510638298,0.5512820512820513,0.3888888888888889,1.6595744680851063,0.2971246006389776,0.5824167001204336,0.4799565217391304,0.4434762100082034,0.23076923076923078,0.8734291253278594,0.7169811320754716,0.48235705470999585
EQ_RZ_S1_cv2016,"hyst(-1,-0.5)",IV-X,19,10,26,127,182,0.6551724137931034,0.5777777777777777,0.34545454545454546,1.5517241379310345,0.24732912119471567,0.4852377732702276,0.15384615384615385,0.3453896103896104,0.08333333333333333,0.8484848484848485,0.8800930232558134,0.5384831460674155
