m,RZ_op1991_hit,RZ_op1991_fa,RZ_op1991_miss,L2_op1991_hit,L2_op1991_fa,L2_op1991_miss,RZ_cv2016_hit,RZ_cv2016_fa,RZ_cv2016_miss,L2_cv2016_hit,L2_cv2016_fa,L2_cv2016_miss,obs_events
1,2,2,0,2,2,0,2,2,0,2,2,0,2
2,0,3,3,0,1,3,0,3,3,2,3,1,3
3,0,1,3,2,0,1,2,3,1,3,3,0,3
4,3,3,2,5,2,0,4,3,1,5,1,0,5
5,3,2,2,4,0,1,3,3,2,4,1,1,5
6,3,0,3,2,0,4,4,1,2,5,0,1,6
7,4,4,0,1,4,3,3,4,1,0,3,4,4
8,1,6,4,0,8,5,0,3,5,0,7,5,5
9,1,8,0,0,4,1,0,2,1,0,1,1,1
10,2,4,1,0,4,3,1,1,2,0,3,3,3
11,5,1,1,5,0,1,5,0,1,5,0,1,6
12,3,2,1,3,0,1,4,2,0,4,0,0,4
