,ismn_monthly_mean_interannual_sd,ismn_monthly_mean_avg,share_days_within_0.02_of_p2,ismn_z_sd,era5_rz_interannual_sd,era5_l2_interannual_sd
1,0.028201341291632837,0.34358040779974774,0.0,0.9668370896526577,0.04018202367664448,0.026894275971063537
2,0.029337847527629593,0.34770248764298617,0.0,0.9762796271703036,0.03003800245668649,0.018625034738874606
3,0.057647257031258475,0.32812224449878724,0.0,0.9033586460349109,0.02306036265216158,0.026617915148119616
4,0.08864464873378702,0.218836671282706,0.0,0.9963561730593139,0.02638139624431496,0.03826080112191781
5,0.07928306321084762,0.24746838258107015,0.0,0.9736293537845638,0.03248452646960805,0.04023628055679487
6,0.0895268611782647,0.22893074091862198,0.053061224489795916,0.9864791842678459,0.046565064826386976,0.054139564238974584
7,0.04920791179218298,0.1076277649495523,0.17916666666666667,0.954414364394133,0.04240681220121059,0.05107534763463045
8,0.02413961361677366,0.06747011993382962,0.210727969348659,0.8769456174587784,0.025008628593148938,0.024194772343926436
9,0.06388169573997322,0.08566431671146998,0.25210084033613445,0.8394541890015812,0.03180860074968956,0.050954151790599596
10,0.13479539882124209,0.15626565848310908,0.2948717948717949,1.0008996183400387,0.047521648989771875,0.062227223311708144
11,0.1314553174910094,0.2470605525527557,0.1134453781512605,0.9683575852539371,0.053726392728536264,0.04632469042492048
12,0.041556972318532386,0.3376828460162884,0.004524886877828055,0.908410409656152,0.05329861995500939,0.0321521770771838
