bin,n,p_mean,obs_freq,variant
"[0.0,0.1)",153,0.03307189542483661,0.026143790849673203,V0
"[0.1,0.3)",115,0.18382608695652175,0.16521739130434782,V0
"[0.3,0.5)",32,0.36062500000000003,0.53125,V0
"[0.5,0.7)",12,0.5475,0.5833333333333334,V0
"[0.7,0.9)",0,,,V0
"[0.9,1.0]",0,,,V0
"[0.0,0.1)",188,0.01893617021276596,0.026595744680851064,V1
"[0.1,0.3)",55,0.17472727272727268,0.23636363636363636,V1
"[0.3,0.5)",44,0.3956818181818182,0.38636363636363635,V1
"[0.5,0.7)",14,0.5707142857142857,0.5,V1
"[0.7,0.9)",11,0.7381818181818183,0.45454545454545453,V1
"[0.9,1.0]",0,,,V1
"[0.0,0.1)",188,0.020797872340425533,0.03723404255319149,V2_p0.36
"[0.1,0.3)",55,0.1716363636363636,0.2,V2_p0.36
"[0.3,0.5)",45,0.3999999999999999,0.37777777777777777,V2_p0.36
"[0.5,0.7)",14,0.5764285714285714,0.5714285714285714,V2_p0.36
"[0.7,0.9)",10,0.752,0.4,V2_p0.36
"[0.9,1.0]",0,,,V2_p0.36
"[0.0,0.1)",259,0.001891891891891892,0.10038610038610038,V3
"[0.1,0.3)",7,0.16,0.14285714285714285,V3
"[0.3,0.5)",4,0.385,0.0,V3
"[0.5,0.7)",4,0.5475000000000001,0.0,V3
"[0.7,0.9)",5,0.784,0.0,V3
"[0.9,1.0]",33,0.9812121212121213,0.6060606060606061,V3
"[0.0,0.1)",243,0.0024279835390946507,0.06995884773662552,V4
"[0.1,0.3)",7,0.15857142857142856,0.14285714285714285,V4
"[0.3,0.5)",5,0.376,0.4,V4
"[0.5,0.7)",8,0.5987499999999999,0.125,V4
"[0.7,0.9)",4,0.8274999999999999,0.5,V4
"[0.9,1.0]",45,0.9893333333333334,0.5333333333333333,V4
"[0.0,0.1)",216,0.007407407407407408,0.046296296296296294,V1cdf
"[0.1,0.3)",27,0.19037037037037038,0.2962962962962963,V1cdf
"[0.3,0.5)",17,0.3994117647058823,0.17647058823529413,V1cdf
"[0.5,0.7)",20,0.5905,0.4,V1cdf
"[0.7,0.9)",18,0.7866666666666666,0.6666666666666666,V1cdf
"[0.9,1.0]",14,0.9785714285714285,0.42857142857142855,V1cdf
"[0.0,0.1)",245,0.006367346938775511,0.08979591836734693,V3d
"[0.1,0.3)",20,0.195,0.2,V3d
"[0.3,0.5)",9,0.40111111111111114,0.2222222222222222,V3d
"[0.5,0.7)",4,0.6175,0.25,V3d
"[0.7,0.9)",9,0.7833333333333333,0.5555555555555556,V3d
"[0.9,1.0]",25,0.9815999999999999,0.52,V3d
"[0.0,0.1)",205,0.015902439024390244,0.04390243902439024,V1star
"[0.1,0.3)",41,0.198780487804878,0.1951219512195122,V1star
"[0.3,0.5)",32,0.38593750000000004,0.3125,V1star
"[0.5,0.7)",21,0.5742857142857143,0.5714285714285714,V1star
"[0.7,0.9)",10,0.79,0.6,V1star
"[0.9,1.0]",3,0.9166666666666666,0.6666666666666666,V1star
"[0.0,0.1)",183,0.02092896174863388,0.03825136612021858,V2_p0.30
"[0.1,0.3)",62,0.18145161290322578,0.1935483870967742,V2_p0.30
"[0.3,0.5)",43,0.3874418604651163,0.3953488372093023,V2_p0.30
"[0.5,0.7)",19,0.5947368421052632,0.47368421052631576,V2_p0.30
"[0.7,0.9)",5,0.74,0.4,V2_p0.30
"[0.9,1.0]",0,,,V2_p0.30
"[0.0,0.1)",188,0.01776595744680851,0.03723404255319149,V2_p0.42
"[0.1,0.3)",53,0.1635849056603773,0.16981132075471697,V2_p0.42
"[0.3,0.5)",40,0.39975,0.375,V2_p0.42
"[0.5,0.7)",19,0.5484210526315789,0.5789473684210527,V2_p0.42
"[0.7,0.9)",12,0.7758333333333334,0.4166666666666667,V2_p0.42
"[0.9,1.0]",0,,,V2_p0.42
