variant,R,lo,hi,n,R_test,lo_test,hi_test,POD,FAR,BS_det,BS_clim,POD_test,FAR_test,R_train,dR_V0,dR_V0_lo,dR_V0_hi,dR_V0_test,dR_V0_test_lo,dR_V0_test_hi,dR_ERA5,dR_ERA5_lo,dR_ERA5_hi,dR_ERA5_test,dR_ERA5_test_lo,dR_ERA5_test_hi,dR_ERA5_7_28,dR_ERA5_7_28_lo,dR_ERA5_7_28_hi,BS_ens,BSS_ens_vs_clim,frac_p_0_or_1,hits,misses,fa,n_dk,BS_ens_test,BSS_ens_test,spread_z,rmse_z,spread_over_rmse,ismn_below_all_members,ismn_above_all_members,alpha,R_obs
ERA5_0_100 (v1.0),0.5834286013280848,0.4999434447330762,0.6652813896162703,2976,0.6708345522701903,0.575364212562296,0.758697235724606,0.5106382978723404,0.4666666666666667,0.14102564102564102,0.13027372721974997,0.4166666666666667,0.4444444444444444,,,,,,,,,,,,,,,,,,,,,,,,,,,,,,,,
ERA5_7_28,0.6925891053876628,0.6207395937625225,0.7476082916212586,2976,0.7539775469802424,0.6711516472730421,0.82013697460297,0.6170212765957447,0.3829787234042553,0.11538461538461539,0.13027372721974997,0.75,0.4,,,,,,,,,,,,,,,,,,,,,,,,,,,,,,,,
det_openloop_bucket,0.575241563137681,0.48851054983487857,0.6594362639130734,2976,0.6674766911933429,0.5662692682129041,0.7526874206085075,0.40425531914893614,0.5681818181818182,0.16987179487179488,0.13027372721974997,0.4166666666666667,0.6153846153846154,,,,,,,,,,,,,,,,,,,,,,,,,,,,,,,,
V0,0.5824258676001185,0.49399681672861223,0.6642601028500592,2976,0.6704201483166427,0.5550248121192386,0.7559160153304301,0.5319148936170213,0.4791666666666667,0.14423076923076922,0.13027372721974997,0.6666666666666666,0.4666666666666667,0.5191070848941449,0.0,0.0,0.0,0.0,0.0,0.0,-0.0010027337279663318,-0.043510914040717316,0.0374593083155908,-0.00041440395354763737,-0.04058189809978098,0.029141413773407704,-0.11016323778754433,-0.15938972555897327,-0.06493480662001164,0.10256185897435897,0.21272031465443308,0.09294871794871795,25.0,22.0,23.0,312.0,0.06238970588235294,0.32688807392079344,0.7893937756397893,0.7602830983072134,1.0382892601419016,0.019489247311827957,0.019153225806451613,4.0,
V1,0.558288141762821,0.46541915445621845,0.638221156971141,2976,0.6010280391800571,0.4584666093661175,0.714723183539247,0.574468085106383,0.55,0.16987179487179488,0.13027372721974997,0.5833333333333334,0.5625,0.5223271848874266,-0.024137725837297452,-0.08998172449957388,0.04746543132647833,-0.06939210913658556,-0.1825459250833461,0.016217212560038954,-0.025140459565263784,-0.0950704408798259,0.04152067500102183,-0.0698065130901332,-0.18563456723539631,0.01785780928805256,-0.13430096362484178,-0.20682178783006797,-0.06249573392359309,0.10217724358974359,0.2156726780574284,0.2467948717948718,27.0,20.0,33.0,312.0,0.055193382352941175,0.40452798459300543,0.6721507434807413,0.8002183189026796,0.8399592056358391,0.02889784946236559,0.025201612903225805,4.0,0.0016456604533462477
V2_p0.36,0.555845412025186,0.4632386870689303,0.6361315677962432,2976,0.5838810597405819,0.4385557407132746,0.7020624194583462,0.5957446808510638,0.5409836065573771,0.16666666666666666,0.13027372721974997,0.5833333333333334,0.5333333333333333,0.5295054365525814,-0.026580455574932493,-0.0937910275938516,0.04750167272638364,-0.08653908857606074,-0.2018536280432596,0.0010876471470829697,-0.027583189302898825,-0.09812193397509815,0.04025303088119222,-0.08695349252960838,-0.20642088572920125,0.004215423019778424,-0.13674369336247683,-0.2088168454517986,-0.06491621099396833,0.10409807692307692,0.2009280831623027,0.23397435897435898,28.0,19.0,33.0,312.0,0.05723235294117647,0.38252987768649227,0.6749374087918479,0.8018594784640066,0.8417153215981398,0.03393817204301075,0.019153225806451613,4.0,0.0016456604533462477
V3,0.5639874279019998,0.47564169482492585,0.6449767482807816,2976,0.6606282606788833,0.5571092356117185,0.7495803971284748,0.425531914893617,0.5238095238095238,0.15705128205128205,0.13027372721974997,0.4166666666666667,0.5,0.49449056663220653,-0.015755705007452714,-0.03853245512301099,0.0074667459467950325,-0.01144067690730921,-0.039891204871144774,0.01733241946748959,-0.01944117342608498,-0.05319929253762439,0.013271620326882354,-0.010206291591307037,-0.04682748116935789,0.026598388821013657,-0.12860167748566298,-0.1828981723452364,-0.07659139963650395,0.1418198717948718,-0.08862987819213464,0.842948717948718,20.0,27.0,22.0,312.0,0.08345735294117648,0.09959281280091781,0.185922185278611,0.8858765853111543,0.20987368710429108,0.40389784946236557,0.2637768817204301,0.25,5.965179988987591e-05
V4,0.5982561321578722,0.5049927077039146,0.6718351855073943,2976,0.6336339205133029,0.4922006251713642,0.7401933232734798,0.574468085106383,0.5263157894736842,0.16025641025641027,0.13027372721974997,0.6666666666666666,0.5294117647058824,0.5710892216402299,0.016081589182430855,-0.0607144944366836,0.1002905145350414,-0.03990942049465762,-0.14196896655350533,0.04584756988030903,0.014827530829787383,-0.06725200773542882,0.09868261546486663,-0.03720063175688737,-0.14275712291702813,0.044070595091093054,-0.09433297322979062,-0.16720698704087503,-0.02166788253747311,0.14048012820512817,-0.07834581233836735,0.8365384615384616,27.0,20.0,30.0,312.0,0.07814926470588235,0.15686087401913595,0.21595615063964504,0.8398962783999473,0.2571224045081548,0.29435483870967744,0.2469758064516129,2.0,8.172567313466405e-05
V1cdf,0.5753562918634887,0.4891132845043648,0.6633199445187437,2976,0.6298821350298607,0.5004407686005667,0.7340450754204727,0.574468085106383,0.55,0.16987179487179488,0.13027372721974997,0.6666666666666666,0.5555555555555556,0.5382211178934491,-0.006818251111952667,-0.06433652335548387,0.05694990463339625,-0.04366120597809986,-0.11848556424360564,0.01387976942700702,-0.008072309464596139,-0.05885381251680599,0.0492511578851332,-0.04095241724032961,-0.11692195461682633,0.016397444161629453,-0.11723281352417414,-0.18600415934268616,-0.050592227132143855,0.11824487179487178,0.0923352365944633,0.5673076923076923,27.0,20.0,33.0,312.0,0.062424264705882346,0.32651522465119154,0.4308670841488988,0.8471601639941587,0.5086016817852518,0.12130376344086022,0.10080645161290322,2.0,0.004987219578599309
V3d,0.5407064355841884,0.45146883770465585,0.6255563310872047,2976,0.6319759300260305,0.5184959883289793,0.7271217973390559,0.40425531914893614,0.5128205128205128,0.15384615384615385,0.13027372721974997,0.3333333333333333,0.5,0.47396310245536394,-0.04048778963652788,-0.06382742060346659,-0.016016819775574957,-0.04049731846506899,-0.07173677200006277,-0.011516545452416328,-0.04272216574389642,-0.0760915189555732,-0.01269979437147177,-0.03885862224415981,-0.07047635265113718,-0.00872416842958874,-0.15188266980347442,-0.20963794209697031,-0.09674735691988398,0.13243557692307692,-0.016594671461884758,0.7083333333333334,19.0,28.0,20.0,312.0,0.07914191176470586,0.14615137372205977,0.23765652214247338,0.902045720450229,0.26346394285187036,0.3138440860215054,0.23588709677419356,1.0,5.315629064388778e-05
V1star,0.6073663158482401,0.5242546749281233,0.6854071694106483,2976,0.6689912371675651,0.5659532677061808,0.7566621950878116,0.574468085106383,0.49056603773584906,0.14743589743589744,0.13027372721974997,0.6666666666666666,0.5294117647058824,0.5633676549649528,0.025191772872798723,-0.012332834151616517,0.06886324211330169,-0.004552103840395394,-0.05411230899020063,0.03629988878649563,0.02393771452015525,-0.02421756378234807,0.06417751115801387,-0.0018433151026251426,-0.05228406702854806,0.037101693352745414,-0.08522278953942275,-0.13557429286722042,-0.034672956472279866,0.0970573717948718,0.25497355555696777,0.3942307692307692,27.0,20.0,26.0,312.0,0.05643897058823529,0.39108954496097037,0.562137123429456,0.7758395634766427,0.724553309592054,0.051075268817204304,0.050067204301075266,2.0,0.0064
V2_p0.30,0.5057377636562767,0.3932827234056049,0.6014212888323135,2976,0.5794228289870681,0.42834342367356143,0.7002807946963396,0.6170212765957447,0.532258064516129,0.16346153846153846,0.13027372721974997,0.5833333333333334,0.5333333333333333,0.4534356051751042,-0.07668810394384185,-0.1640348376623618,0.01310206311857333,-0.09099731932957456,-0.20134926198913503,-0.0054600539402278984,-0.07769083767180818,-0.16278832773234753,0.00573783717090957,-0.09141172328312219,-0.20577158487730574,-0.0006499910903601128,-0.18685134173138618,-0.2718119462938266,-0.10554990455540457,0.10464743589743589,0.19671112410169111,0.23717948717948717,29.0,18.0,33.0,312.0,0.05822794117647059,0.3717886455366838,0.6848246541798615,0.8367145868892159,0.8184686449963072,0.028225806451612902,0.0228494623655914,4.0,0.0016456604533462477
V2_p0.42,0.5704085604456067,0.476736180044808,0.6509642769558952,2976,0.5794273653363723,0.43207738787534467,0.6960500229185739,0.574468085106383,0.5645161290322581,0.1762820512820513,0.13027372721974997,0.5833333333333334,0.5625,0.5529226441501209,-0.01201730715451177,-0.08360571948389472,0.061171013053152375,-0.09099278298027036,-0.21528786229223856,-0.0003797543628506216,-0.013020040882478101,-0.08813086826650071,0.05696744459906473,-0.091407186933818,-0.21865961812244636,0.002928291186145919,-0.1221805449420561,-0.2016155088676366,-0.04685092405455139,0.10628942307692309,0.18410699267373676,0.2467948717948718,27.0,20.0,35.0,312.0,0.056178676470588225,0.39389781392775935,0.6516822145496467,0.7941401441640951,0.820613615038441,0.037298387096774195,0.025201612903225805,4.0,0.0016456604533462477
