name,kind,uses_ismn_for_choice,R_train,alpha,R_used,R
SWI_T5,V4 T choice,True,0.46763747724286653,,,
SWI_T10,V4 T choice,True,0.5026634724844159,,,
SWI_T15,V4 T choice,True,0.5077938289980639,,,
SWI_T20,V4 T choice,True,0.5053755532066317,,,
SWI_T30,V4 T choice,True,0.49881215738644546,,,
SWI_T40,V4 T choice,True,0.49605744185091366,,,
S1_seasonal_a0.25_it0,innovation tuning (train),False,,0.25,0.0025000000000000005,
S1_seasonal_a0.25_it1,innovation tuning (train),False,,0.25,0.002522403970760958,
S1_seasonal_a0.25_it2,innovation tuning (train),False,,0.25,0.002524948689011743,
S1_seasonal_a0.25_it3,innovation tuning (train),False,,0.25,0.002525235983829745,
S1_seasonal_a0.5_it0,innovation tuning (train),False,,0.5,0.0025000000000000005,
S1_seasonal_a0.5_it1,innovation tuning (train),False,,0.5,0.0025061543580212286,
S1_seasonal_a0.5_it2,innovation tuning (train),False,,0.5,0.0025068769562596274,
S1_seasonal_a0.5_it3,innovation tuning (train),False,,0.5,0.0025069616542365736,
S1_seasonal_a1.0_it0,innovation tuning (train),False,,1.0,0.0025000000000000005,
S1_seasonal_a1.0_it1,innovation tuning (train),False,,1.0,0.0024440061499597446,
S1_seasonal_a1.0_it2,innovation tuning (train),False,,1.0,0.0024366699878666663,
S1_seasonal_a1.0_it3,innovation tuning (train),False,,1.0,0.0024356938319756802,
S1_seasonal_a2.0_it0,innovation tuning (train),False,,2.0,0.0025000000000000005,
S1_seasonal_a2.0_it1,innovation tuning (train),False,,2.0,0.0022508075017576437,
S1_seasonal_a2.0_it2,innovation tuning (train),False,,2.0,0.002209171092934519,
S1_seasonal_a2.0_it3,innovation tuning (train),False,,2.0,0.0022016881553818014,
S1_seasonal_a4.0_it0,innovation tuning (train),False,,4.0,0.0025000000000000005,
S1_seasonal_a4.0_it1,innovation tuning (train),False,,4.0,0.0018324491586206612,
S1_seasonal_a4.0_it2,innovation tuning (train),False,,4.0,0.001685608219712641,
S1_seasonal_a4.0_it3,innovation tuning (train),False,,4.0,0.0016456604533462477,
S1_cdf_a0.25_it0,innovation tuning (train),False,,0.25,0.0025000000000000005,
S1_cdf_a0.25_it1,innovation tuning (train),False,,0.25,0.005132362648377856,
S1_cdf_a0.25_it2,innovation tuning (train),False,,0.25,0.005817653372590532,
S1_cdf_a0.25_it3,innovation tuning (train),False,,0.25,0.005923451035174538,
S1_cdf_a0.5_it0,innovation tuning (train),False,,0.5,0.0025000000000000005,
S1_cdf_a0.5_it1,innovation tuning (train),False,,0.5,0.005069040882072683,
S1_cdf_a0.5_it2,innovation tuning (train),False,,0.5,0.005753565582791918,
S1_cdf_a0.5_it3,innovation tuning (train),False,,0.5,0.00586303866744048,
S1_cdf_a1.0_it0,innovation tuning (train),False,,1.0,0.0025000000000000005,
S1_cdf_a1.0_it1,innovation tuning (train),False,,1.0,0.004846562737499418,
S1_cdf_a1.0_it2,innovation tuning (train),False,,1.0,0.0055231533975909465,
S1_cdf_a1.0_it3,innovation tuning (train),False,,1.0,0.005645439586401262,
S1_cdf_a2.0_it0,innovation tuning (train),False,,2.0,0.0025000000000000005,
S1_cdf_a2.0_it1,innovation tuning (train),False,,2.0,0.0042625506861941834,
S1_cdf_a2.0_it2,innovation tuning (train),False,,2.0,0.004848644201446277,
S1_cdf_a2.0_it3,innovation tuning (train),False,,2.0,0.004987219578599309,
S1_cdf_a4.0_it0,innovation tuning (train),False,,4.0,0.0025000000000000005,
S1_cdf_a4.0_it1,innovation tuning (train),False,,4.0,0.0032517632567513493,
S1_cdf_a4.0_it2,innovation tuning (train),False,,4.0,0.0035126581007856005,
S1_cdf_a4.0_it3,innovation tuning (train),False,,4.0,0.003591167265676203,
E5L1_s1days_a0.25_it0,innovation tuning (train),False,,0.25,0.0009,
E5L1_s1days_a0.25_it1,innovation tuning (train),False,,0.25,0.00013067900569757335,
E5L1_s1days_a0.25_it2,innovation tuning (train),False,,0.25,7.390799466480982e-05,
E5L1_s1days_a0.25_it3,innovation tuning (train),False,,0.25,5.965179988987591e-05,
E5L1_s1days_a0.5_it0,innovation tuning (train),False,,0.5,0.0009,
E5L1_s1days_a0.5_it1,innovation tuning (train),False,,0.5,0.00012874092468782156,
E5L1_s1days_a0.5_it2,innovation tuning (train),False,,0.5,6.992015873828422e-05,
E5L1_s1days_a0.5_it3,innovation tuning (train),False,,0.5,5.4310553819872076e-05,
E5L1_s1days_a1.0_it0,innovation tuning (train),False,,1.0,0.0009,
E5L1_s1days_a1.0_it1,innovation tuning (train),False,,1.0,0.00012236764777912785,
E5L1_s1days_a1.0_it2,innovation tuning (train),False,,1.0,5.876104767858139e-05,
E5L1_s1days_a1.0_it3,innovation tuning (train),False,,1.0,4.0302289671821016e-05,
E5L1_s1days_a2.0_it0,innovation tuning (train),False,,2.0,0.0009,
E5L1_s1days_a2.0_it1,innovation tuning (train),False,,2.0,0.00010635308388484489,
E5L1_s1days_a2.0_it2,innovation tuning (train),False,,2.0,3.775756675874971e-05,
E5L1_s1days_a2.0_it3,innovation tuning (train),False,,2.0,1.8216779145742502e-05,
E5L1_s1days_a4.0_it0,innovation tuning (train),False,,4.0,0.0009,
E5L1_s1days_a4.0_it1,innovation tuning (train),False,,4.0,8.055945397151762e-05,
E5L1_s1days_a4.0_it2,innovation tuning (train),False,,4.0,1.6051453271242384e-05,
E5L1_s1days_a4.0_it3,innovation tuning (train),False,,4.0,3.7836800610888257e-06,
E5L1_daily_a0.25_it0,innovation tuning (train),False,,0.25,0.0009,
E5L1_daily_a0.25_it1,innovation tuning (train),False,,0.25,0.000147725235159622,
E5L1_daily_a0.25_it2,innovation tuning (train),False,,0.25,8.983398173599041e-05,
E5L1_daily_a0.25_it3,innovation tuning (train),False,,0.25,7.583305022219004e-05,
E5L1_daily_a0.5_it0,innovation tuning (train),False,,0.5,0.0009,
E5L1_daily_a0.5_it1,innovation tuning (train),False,,0.5,0.00014516104501520027,
E5L1_daily_a0.5_it2,innovation tuning (train),False,,0.5,8.487376774023959e-05,
E5L1_daily_a0.5_it3,innovation tuning (train),False,,0.5,6.938500711548152e-05,
E5L1_daily_a1.0_it0,innovation tuning (train),False,,1.0,0.0009,
E5L1_daily_a1.0_it1,innovation tuning (train),False,,1.0,0.0001373205942183129,
E5L1_daily_a1.0_it2,innovation tuning (train),False,,1.0,7.189961793318219e-05,
E5L1_daily_a1.0_it3,innovation tuning (train),False,,1.0,5.315629064388778e-05,
E5L1_daily_a2.0_it0,innovation tuning (train),False,,2.0,0.0009,
E5L1_daily_a2.0_it1,innovation tuning (train),False,,2.0,0.00011914989167693167,
E5L1_daily_a2.0_it2,innovation tuning (train),False,,2.0,4.791973694289077e-05,
E5L1_daily_a2.0_it3,innovation tuning (train),False,,2.0,2.6495500216319683e-05,
E5L1_daily_a4.0_it0,innovation tuning (train),False,,4.0,0.0009,
E5L1_daily_a4.0_it1,innovation tuning (train),False,,4.0,9.037212810613064e-05,
E5L1_daily_a4.0_it2,innovation tuning (train),False,,4.0,2.1548908129647186e-05,
E5L1_daily_a4.0_it3,innovation tuning (train),False,,4.0,6.128882440130725e-06,
SWI_a0.25_it0,innovation tuning (train),False,,0.25,0.0009,
SWI_a0.25_it1,innovation tuning (train),False,,0.25,0.00032922516508303285,
SWI_a0.25_it2,innovation tuning (train),False,,0.25,0.00022901244775949626,
SWI_a0.25_it3,innovation tuning (train),False,,0.25,0.0001978692874133545,
SWI_a0.5_it0,innovation tuning (train),False,,0.5,0.0009,
SWI_a0.5_it1,innovation tuning (train),False,,0.5,0.0003230002759676302,
SWI_a0.5_it2,innovation tuning (train),False,,0.5,0.00022069402631647166,
SWI_a0.5_it3,innovation tuning (train),False,,0.5,0.00018824104624595887,
SWI_a1.0_it0,innovation tuning (train),False,,1.0,0.0009,
SWI_a1.0_it1,innovation tuning (train),False,,1.0,0.00029751221666551083,
SWI_a1.0_it2,innovation tuning (train),False,,1.0,0.00018880767903967714,
SWI_a1.0_it3,innovation tuning (train),False,,1.0,0.00015294727104479412,
SWI_a2.0_it0,innovation tuning (train),False,,2.0,0.0009,
SWI_a2.0_it1,innovation tuning (train),False,,2.0,0.00023091009813344736,
SWI_a2.0_it2,innovation tuning (train),False,,2.0,0.00011811941283481956,
SWI_a2.0_it3,innovation tuning (train),False,,2.0,8.172567313466405e-05,
SWI_a4.0_it0,innovation tuning (train),False,,4.0,0.0009,
SWI_a4.0_it1,innovation tuning (train),False,,4.0,0.00013876248849105206,
SWI_a4.0_it2,innovation tuning (train),False,,4.0,4.768031246040727e-05,
SWI_a4.0_it3,innovation tuning (train),False,,4.0,2.4451738081383792e-05,
V0_a0.25,final,False,,0.25,,
V0_a1.0,final,False,,1.0,,
V0_a2.0,final,False,,2.0,,
V0_a4.0,final,False,,4.0,,
V1,final,False,,4.0,,0.0016456604533462477
V3,final,False,,0.25,,5.965179988987591e-05
V4,final,True,,2.0,,8.172567313466405e-05
V1cdf,final,False,,2.0,,0.004987219578599309
V3d,final,False,,1.0,,5.315629064388778e-05
V2_p0.30,final,False,,4.0,,0.0016456604533462477
V2_p0.36,final,False,,4.0,,0.0016456604533462477
V2_p0.42,final,False,,4.0,,0.0016456604533462477
V1star_a0.25_r0.02,ISMN-tuned grid (train choice),True,0.4833074549659885,0.25,,0.0004
V1star_a0.25_r0.04,ISMN-tuned grid (train choice),True,0.5510491810142575,0.25,,0.0016
V1star_a0.25_r0.08,ISMN-tuned grid (train choice),True,0.5588748593546444,0.25,,0.0064
V1star_a0.5_r0.02,ISMN-tuned grid (train choice),True,0.48516806957683006,0.5,,0.0004
V1star_a0.5_r0.04,ISMN-tuned grid (train choice),True,0.5514515663697662,0.5,,0.0016
V1star_a0.5_r0.08,ISMN-tuned grid (train choice),True,0.5605320353017736,0.5,,0.0064
V1star_a1.0_r0.02,ISMN-tuned grid (train choice),True,0.48638375940912043,1.0,,0.0004
V1star_a1.0_r0.04,ISMN-tuned grid (train choice),True,0.5490361220474097,1.0,,0.0016
V1star_a1.0_r0.08,ISMN-tuned grid (train choice),True,0.5628832435193701,1.0,,0.0064
V1star_a2.0_r0.02,ISMN-tuned grid (train choice),True,0.4859197629623691,2.0,,0.0004
V1star_a2.0_r0.04,ISMN-tuned grid (train choice),True,0.5395712845048916,2.0,,0.0016
V1star_a2.0_r0.08,ISMN-tuned grid (train choice),True,0.5633676549997993,2.0,,0.0064
V1star_a4.0_r0.02,ISMN-tuned grid (train choice),True,0.47930988761459176,4.0,,0.0004
V1star_a4.0_r0.04,ISMN-tuned grid (train choice),True,0.5215277134483552,4.0,,0.0016
V1star_a4.0_r0.08,ISMN-tuned grid (train choice),True,0.5525732459856024,4.0,,0.0064
