obs,alpha,iter,R_used,R,HBH,HPbH,mean_d,var_d,NIS,n
S1_seasonal,0.25,0,0.0025000000000000005,0.002522403970760958,0.000304463982280615,0.00026327834610159333,0.003662274152110287,0.002816269156777435,1.0099057912123284,1001
S1_seasonal,0.25,1,0.002522403970760958,0.002524948689011743,0.0003028528024182773,0.00026373809581208983,0.0036588029060646713,0.002817229067377318,1.001944423464358,1001
S1_seasonal,0.25,2,0.002524948689011743,0.002525235983829745,0.000302671064756576,0.0002637900750344926,0.003658412513212102,0.0028173375895359644,1.001048388792007,1001
S1_seasonal,0.25,3,0.002525235983829745,0.0025252683967734503,0.00030265056199605187,0.00026379593981820464,0.0036583684393827406,0.0028173498344303623,1.0009473324898466,1001
S1_seasonal,0.5,0,0.0025000000000000005,0.0025061543580212286,0.00031329945501963233,0.00027430827183648227,0.0036380659983333216,0.002809024507121465,1.003402490739437,1001
S1_seasonal,0.5,1,0.0025061543580212286,0.0025068769562596274,0.000312839939776956,0.00027443895499182255,0.0036372097200773677,0.002809294089090247,1.0012267125918182,1001
S1_seasonal,0.5,2,0.0025068769562596274,0.0025069616542365736,0.00031278609337383233,0.0002744542776072244,0.003637109321922611,0.002809325702574181,1.0009718924423652,1001
S1_seasonal,0.5,3,0.0025069616542365736,0.002506971580057823,0.0003127797833499633,0.00027445607337000567,0.0036370975564351074,0.0028093294076575325,1.0009420330466237,1001
S1_seasonal,1.0,0,0.0025000000000000005,0.0024440061499597446,0.00034810998902732893,0.0003174692274452186,0.0035639446800959057,0.002782193851741593,0.9785355616287907,1001
S1_seasonal,1.0,1,0.0024440061499597446,0.0024366699878666663,0.0003528844571715869,0.00031611500208463005,0.003567655299859535,0.0027796031069803368,0.9979529376777044,1001
S1_seasonal,1.0,2,0.0024366699878666663,0.0024356938319756802,0.00035352168887492816,0.00031593545378618245,0.00356815272784574,0.002779260290768337,1.0005569106583183,1001
S1_seasonal,1.0,3,0.0024356938319756802,0.002435563675433681,0.00035360668059389837,0.0003159115271767436,0.0035682191710100114,0.002779214606143191,1.0009044697741591,1001
S1_seasonal,2.0,0,0.0025000000000000005,0.0022508075017576437,0.0004672714028302714,0.00047773323746071823,0.0033902298509658722,0.0027092918313916807,0.9012603157872943,1001
S1_seasonal,2.0,1,0.0022508075017576437,0.002209171092934519,0.0004974348351892159,0.00046881863028478,0.0033574511514660316,0.002698028783339143,0.9825413784446074,1001
S1_seasonal,2.0,2,0.002209171092934519,0.0022016881553818014,0.0005029454253693348,0.00046724198904545846,0.003351679149491013,0.0026960932274576336,0.9976717540749566,1001
S1_seasonal,2.0,3,0.0022016881553818014,0.0022003258830806515,0.0005039515917724558,0.0004669557285980372,0.0033506328674578413,0.0026957437849748586,1.0004437444962484,1001
S1_seasonal,4.0,0,0.0025000000000000005,0.0018324491586206612,0.000783004136164881,0.0010278670567208845,0.003356089510959203,0.0026067941479379513,0.733941990065251,1001
S1_seasonal,4.0,1,0.0018324491586206612,0.001685608219712641,0.00092372834328549,0.0009758936403544323,0.00309373509543309,0.002602365131523574,0.9211949657943318,1001
S1_seasonal,4.0,2,0.001685608219712641,0.0016456604533462477,0.0009640170936886682,0.0009624788349773197,0.003031922340648068,0.00260308547894915,0.9777493004358159,1001
S1_seasonal,4.0,3,0.0016456604533462477,0.0016341557650796962,0.0009757747985881633,0.0009586742968498376,0.0030149031688653668,0.002603441763472775,0.9944940420980137,1001
S1_cdf,0.25,0,0.0025000000000000005,0.005132362648377856,0.0005435985240742872,0.00027566595992437515,0.0011814700042181924,0.005680239866382358,2.053821041821152,1001
S1_cdf,0.25,1,0.005132362648377856,0.005817653372590532,0.00033554742737754037,0.00030884586802400806,0.0013481051150404876,0.006157534795979441,1.1339232160460584,1001
S1_cdf,0.25,2,0.005817653372590532,0.005923451035174538,0.00030650082499467123,0.0003141181593140194,0.0014108820116055,0.006234189233390656,1.0185348639827023,1001
S1_cdf,0.25,3,0.005923451035174538,0.005938325178797322,0.00030248629949334075,0.000314855982294726,0.0014208064800854266,0.006245031580024048,1.0028535800575324,1001
S1_cdf,0.5,0,0.0025000000000000005,0.005069040882072683,0.0005629590966596414,0.00028740526806575613,0.0013711626470622527,0.005635750011619352,2.0285005314415425,1001
S1_cdf,0.5,1,0.005069040882072683,0.005753565582791918,0.0003511459549471163,0.0003212204458811354,0.0015682116153667956,0.006108354502318531,1.1354500888223111,1001
S1_cdf,0.5,2,0.005753565582791918,0.00586303866744048,0.0003205816669152309,0.00032676571524835123,0.001623138734867771,0.006187166740758085,1.0193845981968073,1001
S1_cdf,0.5,3,0.00586303866744048,0.005878965575975203,0.00031621501387160315,0.00032756892137594573,0.0016320783425027108,0.006198709427040871,1.0030669340496325,1001
S1_cdf,1.0,0,0.0025000000000000005,0.004846562737499418,0.0006364005126649438,0.0003334329744018164,0.0018780823867301508,0.005484915492769729,1.93954535855865,1001
S1_cdf,1.0,1,0.004846562737499418,0.0055231533975909465,0.0004125122560156138,0.0003695050683857158,0.002183927512202489,0.005936827010342233,1.1400532648618553,1001
S1_cdf,1.0,2,0.0055231533975909465,0.005645439586401262,0.0003761967594590418,0.00037609566099804824,0.002239108945742074,0.0060226393597263925,1.0225319667072865,1001
S1_cdf,1.0,3,0.005645439586401262,0.005665456856029276,0.0003703586128474325,0.0003771768806692761,0.002248623878208234,0.006036789918690593,1.0039278229337323,1001
S1_cdf,2.0,0,0.0025000000000000005,0.0042625506861941834,0.0008686756899981151,0.0005032228667142469,0.0027868898901550095,0.0051285830805533825,1.7060563389989274,1001
S1_cdf,2.0,1,0.0042625506861941834,0.004848644201446277,0.0006289743517595219,0.0005465704412448486,0.003229846783184465,0.005472653829605916,1.1381055339288886,1001
S1_cdf,2.0,2,0.004848644201446277,0.004987219578599309,0.0005783340752311926,0.0005565888764637242,0.0033459275560305353,0.005559912781042918,1.0291088137216384,1001
S1_cdf,2.0,3,0.004987219578599309,0.005017194463468058,0.0005676506485453192,0.0005587542573645592,0.0033705827166089883,0.005579057768448038,1.0065230686217084,1001
S1_cdf,4.0,0,0.0025000000000000005,0.0032517632567513493,0.0014250599524206929,0.0010779030881557458,0.003603067751251577,0.004668504953063885,1.302050832582196,1001
S1_cdf,4.0,1,0.0032517632567513493,0.0035126581007856005,0.0012449503137225797,0.0011273794878486065,0.00391254051931383,0.0047470427416341,1.0812617498050898,1001
S1_cdf,4.0,2,0.0035126581007856005,0.003591167265676203,0.0011950963305518642,0.0011419783903366685,0.004012484298712118,0.004774933729546637,1.023305089306498,1001
S1_cdf,4.0,3,0.003591167265676203,0.003613826606244633,0.0011810672471901608,0.0011461572499546584,0.004042053345595473,0.004783334213844342,1.007244079816753,1001
E5L1_s1days,0.25,0,0.0009,0.00013067900569757335,5.601913418355799e-05,0.0002212584035721219,0.0014012971116019388,0.00018491924079243351,0.14556904525791278,1001
E5L1_s1days,0.25,1,0.00013067900569757335,7.390799466480982e-05,0.0001037653465187724,0.00016145420241277264,0.0010087022949200155,0.00017683251672466913,0.5667593981052693,1001
E5L1_s1days,0.25,2,7.390799466480982e-05,5.965179988987591e-05,0.00011518170038492816,0.00015157590813690214,0.0008513684174816053,0.00017428278076461146,0.8083167254755572,1001
E5L1_s1days,0.25,3,5.965179988987591e-05,5.4733981360840755e-05,0.00011907028507776171,0.0001485667890393138,0.0007885608328070965,0.00017335562068981664,0.9187011927745423,1001
E5L1_s1days,0.5,0,0.0009,0.00012874092468782156,5.6949633015587776e-05,0.0002309662941650988,0.0014068474203425977,0.00018389504937732398,0.1434128559296926,1001
E5L1_s1days,0.5,1,0.00012874092468782156,6.992015873828422e-05,0.00010583566296497211,0.00016851180673725926,0.001002887590993277,0.0001749247882212711,0.5441912299242516,1001
E5L1_s1days,0.5,2,6.992015873828422e-05,5.4310553819872076e-05,0.00011830120794328373,0.00015761879068113514,0.0008361385992266055,0.00017208454664004524,0.777737428218442,1001
E5L1_s1days,0.5,3,5.4310553819872076e-05,4.845476962678959e-05,0.00012294084148585554,0.00015404927222852015,0.0007643215818928343,0.00017098223505573006,0.8930195893816377,1001
E5L1_s1days,1.0,0,0.0009,0.00012236764777912785,6.0046773128590784e-05,0.0002685949358958541,0.0014794073126186125,0.00018040600068600034,0.1363166954530366,1001
E5L1_s1days,1.0,1,0.00012236764777912785,5.876104767858139e-05,0.00011224218264746164,0.00019595319406373238,0.0010000584262139535,0.0001701731165836717,0.48094320271570823,1001
E5L1_s1days,1.0,2,5.876104767858139e-05,4.0302289671821016e-05,0.00012751340037137114,0.00018178764325806477,0.0007989108430017014,0.00016734460893963463,0.6861113222654879,1001
E5L1_s1days,1.0,3,4.0302289671821016e-05,3.2342633539386266e-05,0.00013419748464089812,0.00017651638734402273,0.0007025245122687716,0.00016621262406743586,0.8022244133102441,1001
E5L1_s1days,2.0,0,0.0009,0.00010635308388484489,6.940626201776964e-05,0.0004063789264128299,0.0017044717524393638,0.00017302697606969854,0.11845313063604353,1001
E5L1_s1days,2.0,1,0.00010635308388484489,3.775756675874971e-05,0.0001278800779928231,0.00030001216448573515,0.0009904870927641828,0.00016482123665071102,0.35476190041103145,1001
E5L1_s1days,2.0,2,3.775756675874971e-05,1.8216779145742502e-05,0.0001464042649839353,0.0002786439769258773,0.0007788204278410091,0.0001641784973537262,0.48050309545056547,1001
E5L1_s1days,2.0,3,1.8216779145742502e-05,1.0030498494344331e-05,0.00015450158007141495,0.00027092086223483785,0.0006964398375982057,0.0001642110971684838,0.5467288629821162,1001
E5L1_s1days,4.0,0,0.0009,8.055945397151762e-05,9.415094327177087e-05,0.000878764755156305,0.00209192911869769,0.0001705045640354388,0.08946126571038357,1001
E5L1_s1days,4.0,1,8.055945397151762e-05,1.6051453271242384e-05,0.00015443719549596336,0.0006985418165988853,0.0012463078253889981,0.00016910430093715145,0.19686203974067903,1001
E5L1_s1days,4.0,2,1.6051453271242384e-05,3.7836800610888257e-06,0.0001679636696311888,0.0006727582654265608,0.0011436808533943185,0.0001706097831416547,0.2289815436113294,1001
E5L1_s1days,4.0,3,3.7836800610888257e-06,9.52416341434403e-07,0.0001711528859511427,0.0006674453788170978,0.001124693766881709,0.0001710112065895379,0.2372599623293094,1001
E5L1_daily,0.25,0,0.0009,0.000147725235159622,7.296702790395734e-05,0.00018549425870629247,0.0016827556829443742,0.00021797990666884092,0.16421196614193395,1827
E5L1_daily,0.25,1,0.000147725235159622,8.983398173599041e-05,0.00012879762553980083,0.00013139564254257435,0.001488729109424976,0.00021653381169488942,0.6088465928982878,1827
E5L1_daily,0.25,2,8.983398173599041e-05,7.583305022219004e-05,0.00014094382912633983,0.0001228772821990056,0.0013516991801494778,0.00021506750487900665,0.8452911972128195,1827
E5L1_daily,0.25,3,7.583305022219004e-05,7.135095026550074e-05,0.00014470913295707946,0.00012044925187919159,0.0012981069243752663,0.00021449240306024216,0.9422041055629323,1827
E5L1_daily,0.5,0,0.0009,0.00014516104501520027,7.375379256759417e-05,0.00019393948754864462,0.0016778273231457912,0.00021621807902202914,0.1613665730892555,1827
E5L1_daily,0.5,1,0.00014516104501520027,8.487376774023959e-05,0.0001308116809684587,0.00013722334565045084,0.0014552780356105724,0.00021368457381093741,0.5854547204883926,1827
E5L1_daily,0.5,2,8.487376774023959e-05,6.938500711548152e-05,0.00014411804704135445,0.00012772028826302142,0.0012961730581871327,0.0002119389933878643,0.818745889169759,1827
E5L1_daily,0.5,3,6.938500711548152e-05,6.396338215712212e-05,0.00014863915239391405,0.00012478778015521816,0.0012284447376923711,0.00021120906238090992,0.9233089578509425,1827
E5L1_daily,1.0,0,0.0009,0.0001373205942183129,7.64340370725133e-05,0.00022629252163233944,0.001693831892907671,0.00021100105526109786,0.15266576403813434,1827
E5L1_daily,1.0,1,0.0001373205942183129,7.189961793318219e-05,0.00013713645773776154,0.00015951774391640542,0.0013283889841014282,0.00020738496958179267,0.524482230725731,1827
E5L1_daily,1.0,2,7.189961793318219e-05,5.315629064388778e-05,0.0001536160513452139,0.00014677612277360093,0.0011016040321504502,0.0002056713838261446,0.7408613064830549,1827
E5L1_daily,1.0,3,5.315629064388778e-05,4.5396807762040345e-05,0.00016035738728277852,0.0001421749453808571,0.0009914529108148626,0.0002048833581289279,0.8559507546141829,1827
E5L1_daily,2.0,0,0.0009,0.00011914989167693167,8.458577828011394e-05,0.00034234177979477397,0.0016965178500955686,0.00020096749577067435,0.13252172728343298,1827
E5L1_daily,2.0,1,0.00011914989167693167,4.791973694289077e-05,0.0001531542286493476,0.00024135404536310525,0.0010255124356651625,0.00020013183106864648,0.4034404682324488,1827
E5L1_daily,2.0,2,4.791973694289077e-05,2.6495500216319683e-05,0.00017479864755596218,0.00021993011640402394,0.000756798818947163,0.00020083132741812574,0.555247410847434,1827
E5L1_daily,2.0,3,2.6495500216319683e-05,1.6882446525459808e-05,0.00018485853266015455,0.00021147927970376607,0.0006323343490282938,0.00020145139594649814,0.6403961919053622,1827
E5L1_daily,4.0,0,0.0009,9.037212810613064e-05,0.00010587633590530416,0.000729954898909761,0.0016072427102388,0.00019377129470376966,0.10071236060728192,1827
E5L1_daily,4.0,1,9.037212810613064e-05,2.1548908129647186e-05,0.00018098977059981773,0.0005447832839325262,0.0008383599663775024,0.00020194636570549358,0.24043524186508872,1827
E5L1_daily,4.0,2,2.1548908129647186e-05,6.128882440130725e-06,0.00020001654095212865,0.0005137227596326732,0.00069229966939869,0.00020577877662165275,0.2886429423894615,1827
E5L1_daily,4.0,3,6.128882440130725e-06,1.8128694235135423e-06,0.0002054903175938356,0.0005056814981264281,0.0006540598195884582,0.00020698868707028014,0.30373872900301496,1827
SWI,0.25,0,0.0009,0.00032922516508303285,3.0829356635605514e-05,7.006858819215108e-05,0.0012608110367109265,0.0003588233421255946,0.3655309404018545,1001
SWI,0.25,1,0.00032922516508303285,0.00022901244775949626,3.8994157307122094e-05,4.7393312626591625e-05,0.0009057352213537765,0.000267453435024193,0.6947936948877842,1001
SWI,0.25,2,0.00022901244775949626,0.0001978692874133545,4.169396446254437e-05,4.092577515535103e-05,0.0007688197455571257,0.00023921114024281508,0.8628962656870064,1001
SWI,0.25,3,0.0001978692874133545,0.00018624537315243056,4.2747373611140996e-05,3.8563383073633134e-05,0.0007129484868856061,0.0002287129356698377,0.9400044046069173,1001
SWI,0.5,0,0.0009,0.0003230002759676302,3.147810914460492e-05,7.365092707001394e-05,0.0012692259867326772,0.00035322031795734433,0.35860543538569234,1001
SWI,0.5,1,0.0003230002759676302,0.00022069402631647166,3.992805235898629e-05,4.9542604235336964e-05,0.0009174854216359429,0.00026004007947571996,0.6824192251898832,1001
SWI,0.5,2,0.00022069402631647166,0.00018824104624595887,4.283166454443473e-05,4.253092946173339e-05,0.0007836810148437791,0.0002306890134122244,0.8517920507165645,1001
SWI,0.5,3,0.00018824104624595887,0.00017577091524475933,4.401241392948123e-05,3.989323531046658e-05,0.0007278251968031825,0.0002194728532567961,0.9324484425694634,1001
SWI,1.0,0,0.0009,0.00029751221666551083,3.407601649503592e-05,8.701400329831991e-05,0.0012601475696830458,0.00033033026152443177,0.33025512090782605,1001
SWI,1.0,1,0.00029751221666551083,0.00018880767903967714,4.351652537162554e-05,5.700487710791906e-05,0.0009048361198286759,0.00023173698148356363,0.633691622565278,1001
SWI,1.0,2,0.00018880767903967714,0.00015294727104479412,4.712987282693675e-05,4.771772289743791e-05,0.0007703966069693408,0.0001996831165726407,0.8087662830019929,1001
SWI,1.0,3,0.00015294727104479412,0.00013819401454796237,4.876398760278091e-05,4.396974651947878e-05,0.0007093973107646786,0.00018664121236382933,0.9020455255580099,1001
SWI,2.0,0,0.0009,0.00023091009813344736,4.095910120930399e-05,0.00013070556143958666,0.0011379494922146944,0.0002708448445662156,0.2561698999507704,1001
SWI,2.0,1,0.00023091009813344736,0.00011811941283481956,5.255098263293746e-05,7.870187000057675e-05,0.0007310883383426635,0.00017030604121460568,0.5103781376984413,1001
SWI,2.0,2,0.00011811941283481956,8.172567313466405e-05,5.7260008963091354e-05,6.186262146229363e-05,0.0005655595428526048,0.00013880449032574498,0.6902242877525308,1001
SWI,2.0,3,8.172567313466405e-05,6.64741002788978e-05,5.951712824254469e-05,5.459546693324636e-05,0.0004889221908066706,0.00012587793579639205,0.8114374860451131,1001
SWI,4.0,0,0.0009,0.00013876248849105206,5.175244619842423e-05,0.0002550353874140159,0.0008197216674509214,0.00019003283406846515,0.15363511261440024,1001
SWI,4.0,1,0.00013876248849105206,4.768031246040727e-05,6.46621799616585e-05,0.00013561249164491224,0.0003772158496065048,0.00011231240082549632,0.3420013425566646,1001
SWI,4.0,2,4.768031246040727e-05,2.4451738081383792e-05,7.076435519152531e-05,0.0001037303703268605,0.00025865034935409516,9.52443424629578e-05,0.5105874635560176,1001
SWI,4.0,3,2.4451738081383792e-05,1.5543902633422443e-05,7.422103017923988e-05,9.224135887167314e-05,0.00020972209408783574,8.981067040536966e-05,0.6331059492697797,1001
