,0
2016-04-11,2.5193809312960798
2016-05-04,1.8291751924998352
2016-06-23,-0.5395575973387737
2016-07-10,-0.41684338513169517
2016-08-02,-0.830667105581604
2016-08-22,-0.6680750711607051
2016-09-01,-0.34700513055015625
2016-09-28,0.2627572301308362
2016-10-21,-0.4039831542008245
2016-10-31,0.6181377795148043
2017-04-06,1.7199424262141407
2017-04-09,1.6771283450633165
2017-04-19,1.3137818988007695
2017-04-29,0.7068271899480209
2017-05-09,1.586998274358104
2017-05-16,1.4842217425150421
2017-05-19,1.0596037540224839
2017-05-26,1.2058952087716894
2017-06-08,0.11722083865456252
2017-06-18,-0.2747612618594057
2017-06-25,-0.37774171566831183
2017-07-05,-0.08076481893211722
2017-07-18,-0.9288979091186423
2017-08-02,-0.9365481337803111
2017-08-14,-0.011307839824066298
2017-08-17,-0.06850152335611567
2017-08-22,-0.345447389943567
2017-08-24,0.34776679265530214
2017-09-23,-0.5986138306779986
2017-10-03,-0.5718775651580182
2017-10-08,-0.4170454848520233
2017-10-11,-0.24705677522604977
2017-10-13,-0.03678001348857409
2017-10-16,-0.12563613701438867
2017-10-23,0.33790289238473864
2017-10-26,0.6651107766808994
2017-10-31,1.4044364851276516
2018-04-19,-0.23503695743350767
2018-04-21,0.16577654056301266
2018-05-06,0.23109294712497672
2018-05-11,0.552993323839145
2018-05-21,1.2364328328915657
2018-06-13,-1.0234719855860457
2018-06-20,0.10717791981755675
2018-06-23,-0.9866439449670323
2018-06-25,-0.7633689920458212
2018-06-28,-3.0273258462323756
2018-06-30,-0.6426027474633512
2018-07-08,-0.828825005801956
2018-07-10,-0.3649754454328375
2018-07-15,-0.32585136076958576
2018-07-18,-0.9289033729857081
2018-07-30,-1.4938702431548407
2018-08-02,-1.0603946758093348
2018-08-04,-0.8485518256432742
2018-08-12,-0.851765123600581
2018-08-19,-0.29442774610014005
2018-08-22,-0.8989598258747745
2018-08-27,-0.32718418677127437
2018-09-01,-0.5779402104692142
2018-09-03,-0.19174517764536994
2018-09-08,-0.022359728014880037
2018-09-11,-0.3963773964329121
2018-09-16,-0.23594136880707253
2018-09-18,0.3047642409976506
2018-09-23,0.1400445752676302
2018-09-26,0.20665462943065552
2018-09-28,0.449470267444055
2018-10-03,0.1388674585079454
2018-10-06,0.20256930557536132
2019-04-09,1.2645140819388963
2019-04-16,1.829643166867825
2019-05-01,1.4840675956898557
2019-05-14,0.9496056328499343
2019-05-31,0.6520053766415751
2019-06-08,0.25947921021616527
2019-06-18,-0.6906380870688941
2019-06-28,-0.5166930842901981
2019-07-05,-0.1047906543099815
2019-07-08,-0.7939377767519257
2019-07-10,-0.6406833262712963
2019-07-13,-0.5430537431611906
2019-07-15,-0.013536981144270068
2019-07-18,-1.1221988367325546
2019-07-20,-0.27419242729263527
2019-07-23,-0.2725828626971505
2019-07-25,0.044692773083291976
2019-08-02,-0.7045576743353341
2019-08-04,-0.3808235662346834
2019-08-14,-0.7746057339453722
2019-08-17,-1.6958400457224863
2019-08-22,-2.417065350702559
2019-08-24,-1.2474388546136952
2019-08-29,-1.5153564526254397
2019-09-03,-1.2942081735170332
2019-09-08,-1.0390767932328926
2019-09-11,-1.187046974184507
2019-09-13,-0.5301844030341248
2019-09-16,-0.8002187223455929
2019-09-18,-0.7758428852596421
2019-10-08,-0.2574862101651338
2019-10-11,-0.6689361728747859
2019-10-13,-0.0009086288523783294
2019-10-21,-0.5227439519470453
2019-10-26,-0.858734243160331
2019-10-31,-1.0704177367407717
2020-04-03,-0.2690910392393155
2020-04-05,0.21373863906276763
2020-04-10,1.03382476133652
2020-04-15,0.7411397550764397
2020-05-05,-1.1795889110670208
2020-05-08,-0.8226265009882092
2020-05-18,-0.32961829771001944
2020-05-20,-0.06037291104990596
2020-05-25,-0.3140644252527174
2020-05-28,-0.6050260059736875
2020-05-30,-0.3481124456027048
2020-06-17,-0.8321146609232528
2020-06-19,0.7771600124221719
2020-06-24,0.7654831442927307
2020-06-27,0.34847457784979563
2020-07-07,-0.15669793887234273
2020-07-09,0.13613081789336806
2020-07-19,0.9794118996301674
2020-07-24,0.2747428764286416
2020-07-27,0.5494332874889242
2020-08-03,0.1856880431497118
2020-08-06,0.4332366232714689
2020-08-08,0.5924196135222632
2020-08-18,0.3920082739027002
2020-08-21,0.3942445737883122
2020-09-02,0.21611819829726772
2020-09-05,0.2467963991146071
2020-09-07,0.29982922167893505
2020-09-10,0.08896348677061111
2020-09-12,0.3654794547664515
2020-09-30,-0.4283978126568334
2020-10-17,-0.35140711593734314
2020-10-30,-0.9090231996873374
2021-04-03,0.4737720558237898
2021-04-05,0.6029886605039018
2021-04-08,-0.25950963754797407
2021-04-15,0.8129746499429339
2021-04-23,0.7540180003579691
2021-05-03,0.7515823680960337
2021-05-08,0.8411311879469227
2021-05-20,-0.08677740366850299
2021-05-28,-0.21922608475694244
2021-05-30,0.4847567714040988
2021-06-09,-0.4233286287783261
2021-06-14,0.09074786344855329
2021-07-02,-1.0533053293157326
2021-07-17,-1.2266777237104791
2021-07-19,-0.6506380392619482
2021-07-22,-0.7720348446734224
2021-08-11,-2.0071273618050545
2021-08-26,-1.896861973309665
2021-08-28,-1.3281881000165436
2021-08-31,-0.9286145350251642
2021-09-05,-1.1360370488655025
2021-09-12,-0.6726533517010931
2021-09-17,-1.6899582989248974
2021-09-20,-3.0834123441118377
2021-09-22,-1.3971228939525757
2021-09-25,-2.2536738623502153
2021-09-27,-1.5487668445125573
2021-09-30,-2.461197208932114
2021-10-07,-1.929978698075562
2021-10-12,-1.1928561270854403
2021-10-15,-1.3859426952402105
2021-10-20,-0.6786449204080883
2021-10-27,-0.8120202393026245
2022-04-05,-0.18211465446686764
2022-04-10,-0.0024216743156366153
2022-05-05,1.1756161872776254
2022-05-08,1.0432154500119453
2022-05-10,-1.0970576789941802
2022-05-28,1.0307447614347203
2022-05-30,1.3933182128847732
2022-06-14,0.5063031671769529
2022-06-17,0.8323378470078278
2022-06-19,1.218823453531937
2022-06-22,0.8870415943137229
2022-07-02,0.8179247065358631
2022-07-04,0.9490437024283533
2022-07-07,0.9066392475610171
2022-07-09,1.6141092136972546
2022-07-12,1.4274630424555659
2022-07-14,1.3349863037913057
2022-07-17,1.2768177306385098
2022-07-19,1.5037094304050973
2022-07-24,1.3913760378192248
2022-07-27,1.2527381153125008
2022-08-01,1.3781839384208638
2022-08-03,1.1290025069839262
2022-08-06,1.0163618925516005
2022-08-08,1.4429336340027852
2022-08-11,1.55184415561334
2022-08-13,0.718357548500904
2022-08-28,2.1554903635470626
2022-09-02,1.4366921210406587
2022-09-05,1.7498826709397806
2022-09-10,1.4447462099689135
2022-09-15,1.6862130410467298
2022-09-20,1.5756490153597669
2022-09-22,1.3793783839037945
2022-10-02,1.5861816778074431
2022-10-05,1.6867566090846118
2022-10-07,1.9809160448777536
2022-10-12,1.9054023186001525
2022-10-15,2.1354528130344237
2023-04-20,-1.0163397474964146
2023-05-13,-2.143518281644306
2023-05-23,-3.3881770814405305
2023-05-28,-3.929705114691335
2023-05-30,-3.996468394309922
2023-06-02,-2.518115122865184
2023-06-24,-2.713854290694993
2023-07-09,-1.1958040036609878
2023-07-14,-0.9361397243552616
2023-07-17,-1.569730286275511
2023-07-22,-1.7319849814241082
2023-07-27,-1.5374881645392506
2023-07-29,-0.9215006072909743
2023-08-08,-0.8969705106106508
2023-08-16,-1.5518669481780942
2023-08-21,-0.457313188932714
2023-08-23,0.3631095212113462
2023-08-31,-0.3008062870971175
2023-09-05,-0.11612671072377662
2023-09-07,0.08990967301076266
2023-09-10,0.5214283048396242
2023-09-20,0.5889223048014675
2023-09-25,0.5456088309646858
2023-09-30,1.1248717055217232
2023-10-02,1.4301396534302926
2023-10-07,1.4564592599059198
2023-10-10,1.7851829585304517
2023-10-12,2.046294797486641
2024-04-02,-1.3803884548281269
2024-04-12,-1.3171014116627
2024-04-19,-1.562919735944964
2024-04-27,-0.3647825517873128
2024-05-09,0.449015897268364
2024-06-06,-1.2024534055790626
2024-06-13,-2.029263765730634
2024-06-26,-1.2780709152715972
2024-07-08,-0.7155416540695738
2024-07-11,-1.869700572576483
2024-07-18,-0.9886168242026259
2024-07-23,-0.8073313907256628
2024-07-26,-0.7770467813682675
2024-07-31,-0.8984955703797795
2024-08-05,-0.8807274964932734
2024-08-10,-0.6287984111473888
2024-08-20,-1.1486623369687747
2024-08-22,-0.5034062627488276
2024-08-27,0.10478095565471891
2024-08-30,-0.8761534998653351
2024-09-14,-1.3960265404902399
2024-09-19,-1.3530967941730458
2024-10-04,-2.325606061582564
2024-10-06,-1.570498464972447
2024-10-21,-1.8647393042996834
2024-10-24,-2.0118695747351745
2025-04-09,-1.3249424752296786
2025-04-14,0.49398340143647596
2025-04-29,-0.7466088135396471
2025-05-04,-0.7313437132300623
2025-05-14,0.24678298797149328
2025-05-16,-0.016546712571840226
2025-05-17,0.17493050300955384
2025-05-24,-0.5980593885421072
2025-05-29,-0.3654265191859293
2025-06-11,-0.4894907974882433
2025-06-13,-0.3122594501450264
2025-06-16,-0.8537962940185141
2025-06-18,-0.9978559184400302
2025-06-21,0.43804060570700426
2025-06-23,0.15985581060449397
2025-06-25,0.3023237280174766
2025-06-28,0.33335064635061956
2025-07-01,0.27612008525558857
2025-07-05,0.05101170681516971
2025-07-11,0.22900197859682925
2025-07-16,0.2131585147285995
2025-07-18,0.38412779277869524
2025-07-28,0.1647495428254233
2025-08-04,0.6886054907992928
2025-08-05,0.6535558216927618
2025-08-07,0.6042535164293694
2025-08-10,0.49116774286063275
2025-08-14,1.125231485785618
2025-09-03,1.2091726189588792
2025-09-06,0.7203901216723478
2025-09-19,0.14623265377067116
2025-09-29,-0.425753874511556
2025-10-01,-0.20399794523569523
2025-10-06,-0.5549218847593534
2025-10-11,0.23861915687175544
2025-10-13,0.4464052598059389
2025-10-14,0.2594864474124292
2025-10-16,0.2789747434898745
2026-04-04,-0.8940941490352612
2026-04-07,-0.5758444917815766
2026-04-09,-0.5060420489557568
2026-04-14,-1.867544006207358
2026-04-17,-1.1602768617025214
2026-04-21,-1.3522909586103982
2026-04-22,-1.2624778793915576
2026-04-24,-1.3909361614419335
2026-04-27,-1.3811329373334584
2026-05-21,-0.0015965877201708659
2026-05-22,-0.4518784737096832
2026-05-24,0.6454309179254956
2026-05-29,0.9972622192919047
2026-06-13,1.1646005503882813
2026-06-18,1.6435146198954118
2026-06-20,1.6246828794787085
2026-06-21,1.5048637428799707
2026-06-23,1.7290880126161574
2026-06-26,1.0631995819880868
2026-07-01,1.0424388658405548
2026-07-06,1.5003047052955496
2026-07-08,1.9060065871178091
2026-07-11,1.8538563935393253
2026-07-21,1.9009400170117867
2026-07-23,1.6965147403165977
2026-07-28,1.8845735853727585
2026-08-02,1.7759032868061242
2026-08-07,1.9783796060392598
2026-08-09,1.8608534544603925
2026-08-12,1.7941105749852255
2026-08-19,2.134989607162217
2026-08-22,0.9003833024425802
2026-08-29,2.0269750931291326
2026-08-30,2.157777607546991
2026-09-01,1.2677762992025747
2026-09-04,1.7206114552508645
2026-09-11,1.3011058720536002
2026-09-14,1.525312998183258
2026-09-19,1.5803082447815833
2026-09-21,1.0288631410776932
2026-10-06,1.2046921057107032
