site,prod,K,sdw,mode,n,dR,yr_lo,yr_hi,b30_lo,b30_hi
VINEYARD_06,S2SR_2.5m,1,15,full,245,-0.027688602135766904,-0.09249886535737872,0.029342200690816785,-0.09235630639904556,0.033656415470563604
VINEYARD_06,S2SR_2.5m,1,30,full,245,-0.017664361401953543,-0.08824335711182128,0.040562616528787836,-0.08282398998936755,0.04367220769133023
VINEYARD_06,S2SR_2.5m,1,45,full,245,-0.015076990561253834,-0.09129593987600353,0.04984448083996221,-0.08059859475420432,0.047623506709633535
VINEYARD_06,S2SR_2.5m,2,15,full,245,0.005637544340058143,-0.017786617989667863,0.022991118919030575,-0.013745875752935649,0.022139570434195555
VINEYARD_06,S2SR_2.5m,2,30,full,245,0.015695086687783133,-0.01155643482653977,0.03747959410298178,-0.012997217759223367,0.03961973172793987
VINEYARD_06,S2SR_2.5m,2,45,full,245,0.018800204275948973,-0.013752020460609787,0.044889806188038554,-0.013527707475144087,0.046647716962149546
VINEYARD_06,S2SR_2.5m,3,15,full,245,0.0059446869113286005,-0.006179001141623381,0.018561263593751903,-0.006466129947007455,0.01892907746244656
VINEYARD_06,S2SR_2.5m,3,30,full,245,0.016357635054400188,-0.0023212456739073765,0.03209343003463046,-0.0024173498096411684,0.03314812080342058
VINEYARD_06,S2SR_2.5m,3,45,full,245,0.020439625106097703,-0.006639337489179401,0.041320928818513125,-0.002429300374462008,0.041959354864027486
VINEYARD_06,S2SR_2.5m,4,15,full,245,0.005447339274260221,-0.009501813525548705,0.020623822162738618,-0.00900624172585628,0.01820169405779568
VINEYARD_06,S2SR_2.5m,4,30,full,245,0.01628112290150968,-0.00560321366744615,0.03465109060364014,-0.006189475915686695,0.03531887278113836
VINEYARD_06,S2SR_2.5m,4,45,full,245,0.0209232327468008,-0.008660988731038445,0.043335045545615354,-0.006651402187451281,0.04406626797548771
VINEYARD_06,S2SR_2.5m,6,15,full,245,0.008671125716047057,-0.015465507530566308,0.031419921578818566,-0.011686149535192418,0.025606582128607547
VINEYARD_06,S2SR_2.5m,6,30,full,245,0.018779692440644813,-0.012184926016176226,0.0435715541752973,-0.011639723661684686,0.04357982719963532
VINEYARD_06,S2SR_2.5m,6,45,full,245,0.02314887022170048,-0.013923336094692967,0.051708877288488435,-0.010631217463777447,0.051658634518788736
VINEYARD_06,S2SR_2.5m,3,30,mean_only,245,0.002567882678769562,-0.005802443402061081,0.012929241579798658,,
VINEYARD_06,S2SR_2.5m,3,30,sd_only,245,0.013477022556254326,-0.003432339191223506,0.027699783198912673,,
VINEYARD_06,S2SR_2.5m,3,30,const_sd,245,0.012142237599102546,-0.037584340696363246,0.05424635804044827,,
VINEYARD_06,S2_10m,1,15,full,247,-0.027359438980275985,-0.09146008768424554,0.026964091325337843,-0.09086636468360043,0.0336052342636086
VINEYARD_06,S2_10m,1,30,full,247,-0.018090352986664948,-0.08669911783015367,0.03857359175105335,-0.08183331128936683,0.041929248088934286
VINEYARD_06,S2_10m,1,45,full,247,-0.015580990478750167,-0.08959702857334771,0.046935426672019546,-0.07984095081716314,0.04591955291595052
VINEYARD_06,S2_10m,2,15,full,247,0.005092139700954457,-0.018513653917874316,0.02295130073439283,-0.014523802542383099,0.02213872269586154
VINEYARD_06,S2_10m,2,30,full,247,0.014532366427731147,-0.012953029820339985,0.036966414081002756,-0.014004223244437898,0.03867338282880078
VINEYARD_06,S2_10m,2,45,full,247,0.017584124951681823,-0.015543225255935234,0.044115686083588,-0.01458339717734848,0.045692206981551214
VINEYARD_06,S2_10m,3,15,full,247,0.005583061846449799,-0.006745711158037495,0.018059692790905822,-0.006685848441197337,0.0186570419597931
VINEYARD_06,S2_10m,3,30,full,247,0.015271564722743547,-0.003589212639652167,0.031361395781630136,-0.003683777557462364,0.031570705089432605
VINEYARD_06,S2_10m,3,45,full,247,0.019293118820219224,-0.008440476808686209,0.040446814855317696,-0.0032933111725707235,0.04062081379831817
VINEYARD_06,S2_10m,4,15,full,247,0.005363311900559553,-0.009875385757164354,0.020639642230579368,-0.009051646630906005,0.018225647312261468
VINEYARD_06,S2_10m,4,30,full,247,0.015498051604145802,-0.006586083995508035,0.03373054978794662,-0.006945654173382854,0.034643679405670647
VINEYARD_06,S2_10m,4,45,full,247,0.020175775586735334,-0.01023156745783382,0.0428884453347281,-0.008296511471250425,0.04363221120047804
VINEYARD_06,S2_10m,6,15,full,247,0.007632162557642153,-0.01723678239808252,0.030895881984257675,-0.013162213562130608,0.025075292481756887
VINEYARD_06,S2_10m,6,30,full,247,0.017026939388129325,-0.013320171621415846,0.04198586269585125,-0.013285953646016162,0.0414990830842769
VINEYARD_06,S2_10m,6,45,full,247,0.021445341162732334,-0.015765107792814214,0.05052609844577332,-0.012745485844365908,0.049956277791262084
VINEYARD_06,S2_10m,3,30,mean_only,247,0.0020760442920370603,-0.006705606457430695,0.012667247045587728,,
VINEYARD_06,S2_10m,3,30,sd_only,247,0.01289296136074014,-0.0036059516252656184,0.026734156119892768,,
VINEYARD_06,S2_10m,3,30,const_sd,247,0.008121495434703196,-0.042806564195367026,0.05145657910719564,,
SMOSMANIA_Condom_poly,S2SR_2.5m,1,15,full,256,0.001920870569132982,-0.12126583002988528,0.12236461745989796,-0.0895715996683465,0.0979275218626536
SMOSMANIA_Condom_poly,S2SR_2.5m,1,30,full,256,0.008455331072589112,-0.1174033466771295,0.12971613516687389,-0.08402375613081335,0.10342799195532733
SMOSMANIA_Condom_poly,S2SR_2.5m,1,45,full,256,0.018793945101035436,-0.10309729554271568,0.13492312180820265,-0.07447832186170271,0.1160282277523317
SMOSMANIA_Condom_poly,S2SR_2.5m,2,15,full,256,-0.003170511910808582,-0.026786208100248583,0.02054106560429016,-0.02561878722519195,0.014099005676895551
SMOSMANIA_Condom_poly,S2SR_2.5m,2,30,full,256,0.011878113457412298,-0.02050960652217348,0.0369555830988411,-0.021468484088757556,0.040026986311172616
SMOSMANIA_Condom_poly,S2SR_2.5m,2,45,full,256,0.015620305019447667,-0.021128946013340994,0.04188046106060957,-0.020196635314368834,0.04621796861568789
SMOSMANIA_Condom_poly,S2SR_2.5m,3,15,full,256,0.00279976998955217,-0.014363190198729645,0.01746632167097949,-0.012483126624883756,0.01832379429145281
SMOSMANIA_Condom_poly,S2SR_2.5m,3,30,full,256,0.016881984616334,-0.010244854270708327,0.03726525272818256,-0.010754001249652066,0.04184626260612768
SMOSMANIA_Condom_poly,S2SR_2.5m,3,45,full,256,0.021911224866679624,-0.009691103242174167,0.046147028042770696,-0.009179155221051014,0.04922745257466278
SMOSMANIA_Condom_poly,S2SR_2.5m,4,15,full,256,0.0005995549470811379,-0.010555850352251409,0.011447589870055754,-0.014538379606275137,0.01429133687817447
SMOSMANIA_Condom_poly,S2SR_2.5m,4,30,full,256,0.015147673502922843,-0.006970726458079204,0.031917449708724926,-0.010066550212897615,0.03794315458623668
SMOSMANIA_Condom_poly,S2SR_2.5m,4,45,full,256,0.020258937892851325,-0.009808214039807195,0.0430277239138231,-0.009558868365433524,0.04688885822430094
SMOSMANIA_Condom_poly,S2SR_2.5m,6,15,full,256,-0.00046984568444607966,-0.012263594531597402,0.010420774127256484,-0.01907084129308598,0.018626408972870184
SMOSMANIA_Condom_poly,S2SR_2.5m,6,30,full,256,0.01456923341301708,-0.009863097227488668,0.031350920446873445,-0.014353689374589907,0.04196975811407268
SMOSMANIA_Condom_poly,S2SR_2.5m,6,45,full,256,0.01962726929678632,-0.01303535062266415,0.043170893521874774,-0.011982357548563943,0.04919931209539262
SMOSMANIA_Condom_poly,S2SR_2.5m,3,30,mean_only,256,-0.0033841650819095848,-0.021538814938901696,0.013526476766379945,,
SMOSMANIA_Condom_poly,S2SR_2.5m,3,30,sd_only,256,0.02015650432349053,-0.0026437476178969603,0.0420675400484225,,
SMOSMANIA_Condom_poly,S2SR_2.5m,3,30,const_sd,256,0.020051138799336177,-0.038057470594064974,0.05448426510947444,,
