variant,reference,subset,r,lo,hi,n,baseline_same_dates,n_paired,delta_r,delta_lo_30d,delta_hi_30d,delta_lo_year,delta_hi_year
B0_ERA5L_RZ,ISMN_20_30cm,all,0.5834286013280848,0.4999434447330762,0.6652813896162703,2976,,,,,,,
B0_ERA5L_RZ,ISMN_10cm,all,0.4735918979621955,0.36748639073844075,0.5691517615224716,1620,,,,,,,
B0_ERA5L_RZ,ISMN_20_30cm,IV-X,0.6269010679919663,0.5256881565511679,0.7130808012564568,1749,,,,,,,
B0_ERA5L_RZ,ISMN_20_30cm,XI-III,0.519786642794387,0.3658398126331801,0.656950887829193,1227,,,,,,,
V1_WB_vine_SR,ISMN_20_30cm,all,0.5629524389000371,0.4813107716898755,0.6431520174517142,2976,0.5834286013280848,2976.0,-0.02047616242804773,-0.06582366725691759,0.02415587512648643,-0.06817656699293557,0.036857899837981115
V1_WB_vine_SR,ISMN_10cm,all,0.5279648338988003,0.4328832160486527,0.6125975261793372,1620,0.4735918979621955,1620.0,0.05437293593660486,-0.0024627108647547152,0.12249110230989191,-0.019290239597027026,0.12708198773595025
V1_WB_vine_SR,ISMN_20_30cm,IV-X,0.5303573210076516,0.4106867202331688,0.6281139583544885,1749,0.6269010679919663,1749.0,-0.09654374698431467,-0.1661062016161573,-0.03428143331082525,,
V1_WB_vine_SR,ISMN_20_30cm,XI-III,0.6074064716548933,0.4765404485164575,0.7156183763355533,1227,0.519786642794387,1227.0,0.08761982886050623,0.03096706130826477,0.1506499664273124,,
V2_WB_vine_10m,ISMN_20_30cm,all,0.5618284021836042,0.4812920748635298,0.6420355272322582,2976,0.5834286013280848,2976.0,-0.021600199144480636,-0.06769709448514327,0.023490013096559563,-0.06950318406243283,0.03584741900606295
V2_WB_vine_10m,ISMN_10cm,all,0.5278173392530678,0.43285510317420767,0.6123126561876165,1620,0.4735918979621955,1620.0,0.05422544129087237,-0.003248057327619971,0.12215781868685233,-0.020608485467618343,0.12837669609865
V2_WB_vine_10m,ISMN_20_30cm,IV-X,0.5282318809223816,0.40964479436255163,0.6264211157455001,1749,0.6269010679919663,1749.0,-0.09866918706958472,-0.16773744105625923,-0.036131829749746366,,
V2_WB_vine_10m,ISMN_20_30cm,XI-III,0.6076505660782702,0.47680353358229594,0.7156969315509514,1227,0.519786642794387,1227.0,0.08786392328388315,0.031203371984751205,0.150917495038129,,
V3_WB_vine_clim,ISMN_20_30cm,all,0.5679012219465652,0.4862931487473442,0.6470431764132326,2976,0.5834286013280848,2976.0,-0.015527379381519602,-0.05965960478671769,0.028284950202245897,-0.06878628053797997,0.04623325401253836
V3_WB_vine_clim,ISMN_10cm,all,0.5299019900240785,0.4355720660096505,0.6120789436519002,1620,0.4735918979621955,1620.0,0.05631009206188298,0.0020718179089054384,0.11978499884170579,-0.012596971808389593,0.12233261979188664
V3_WB_vine_clim,ISMN_20_30cm,IV-X,0.5386080198842401,0.42089818570088344,0.6360514765766504,1749,0.6269010679919663,1749.0,-0.0882930481077262,-0.15543768549664888,-0.028575954950397983,,
V3_WB_vine_clim,ISMN_20_30cm,XI-III,0.6079574033552905,0.4764124533018904,0.7150922589598969,1227,0.519786642794387,1227.0,0.08817076056090345,0.030819967219519004,0.1509414418786298,,
V4_WB_station,ISMN_20_30cm,all,0.5699994636288251,0.49163803837155995,0.6460492038483491,2976,0.5834286013280848,2976.0,-0.013429137699259686,-0.058322936901086864,0.032615728300811116,-0.06186466844544436,0.04716097954848853
V4_WB_station,ISMN_10cm,all,0.5499201007495178,0.46394503479245486,0.6294788118207215,1620,0.4735918979621955,1620.0,0.07632820278732233,0.010959356271842444,0.15180616412906825,-0.016185970142303836,0.15099752865272342
V4_WB_station,ISMN_20_30cm,IV-X,0.53802753854879,0.428763551333883,0.6323106030659945,1749,0.6269010679919663,1749.0,-0.08887352944317628,-0.1591159582415139,-0.026222706654845808,,
V4_WB_station,ISMN_20_30cm,XI-III,0.6138914072775438,0.48411114330039096,0.7203488126598329,1227,0.519786642794387,1227.0,0.09410476448315674,0.034005757566521716,0.16055359252750928,,
V6_SPEI30_like,ISMN_20_30cm,all,0.5420557026644148,0.44545725228491206,0.6206301395684398,2976,0.5834286013280848,2976.0,-0.04137289866367,-0.12481258793387166,0.03734930108139798,-0.10462277860909687,0.03704552815665374
V6_SPEI30_like,ISMN_10cm,all,0.47989582183624374,0.37601296724045846,0.5772301629997905,1620,0.4735918979621955,1620.0,0.006303923874048267,-0.08913492421387798,0.11069964504419755,-0.1338406436968837,0.10478980184213632
V6_SPEI30_like,ISMN_20_30cm,IV-X,0.5463899985713249,0.4201389359789044,0.6547177575933263,1749,0.6269010679919663,1749.0,-0.08051106942064146,-0.18524344648175403,0.012086443929649979,,
V6_SPEI30_like,ISMN_20_30cm,XI-III,0.5359840430761186,0.41111966000450983,0.6429839849774943,1227,0.519786642794387,1227.0,0.016197400281731555,-0.11966315884271354,0.14088746031123872,,
V7_SPEI60_like,ISMN_20_30cm,all,0.5127315564642329,0.41204087979957854,0.5969733524087474,2976,0.5834286013280848,2976.0,-0.07069704486385198,-0.14913179226849146,0.005307281341751151,-0.14918193203824298,0.0157714435063142
V7_SPEI60_like,ISMN_10cm,all,0.4782858951101566,0.35476366667967907,0.574520746923882,1620,0.4735918979621955,1620.0,0.004693997147961149,-0.0953691573861967,0.1165686477245822,-0.1264059012297739,0.13231335646160547
V7_SPEI60_like,ISMN_20_30cm,IV-X,0.5611488624827811,0.41574984648829205,0.672219374599545,1749,0.6269010679919663,1749.0,-0.06575220550918526,-0.15746577592620803,0.017262550127780867,,
V7_SPEI60_like,ISMN_20_30cm,XI-III,0.44069998713796493,0.30927161077653187,0.5614106375128066,1227,0.519786642794387,1227.0,-0.07908665565642209,-0.22248299212802322,0.04339232317348701,,
V8_SPEI90_like,ISMN_20_30cm,all,0.439133561104205,0.3328151339263752,0.5370096354383157,2976,0.5834286013280848,2976.0,-0.14429504022387984,-0.21139167319558316,-0.07897040754879814,-0.23279424844059962,-0.0592020364045199
V8_SPEI90_like,ISMN_10cm,all,0.4409350922982827,0.3247973722433264,0.5510834019788111,1620,0.4735918979621955,1620.0,-0.03265680566391277,-0.11195674335385218,0.05472615499362871,-0.1084091265343603,0.039859923698778006
V8_SPEI90_like,ISMN_20_30cm,IV-X,0.4996202634721861,0.3532091366877594,0.6215432888463429,1749,0.6269010679919663,1749.0,-0.12728080451978024,-0.2120083983074668,-0.05339725685001345,,
V8_SPEI90_like,ISMN_20_30cm,XI-III,0.3530754721054569,0.16261649649267693,0.5098423364372842,1227,0.519786642794387,1227.0,-0.1667111706889301,-0.28846422235427094,-0.06336924829541349,,
V5_WB_vine_SR_cvZr,ISMN_20_30cm,all,0.5719017078228941,0.4868882164887882,0.6492732656906308,2976,0.5834286013280848,2976.0,-0.01152689350519076,-0.090673586608538,0.06280697526568149,-0.08187165656898682,0.06744708875820464
V5_WB_vine_SR_cvZr,ISMN_10cm,all,0.5304545666697886,0.43414364067878464,0.6145930640340714,1620,0.4735918979621955,1620.0,0.056862668707593156,-0.04257820321760659,0.1578079047675725,-0.04872948680387068,0.1836898272356841
V5_WB_vine_SR_cvZr,ISMN_20_30cm,IV-X,0.4755100539385304,0.35791817549863747,0.5877689946850774,1749,0.6269010679919663,1749.0,-0.1513910140534359,-0.2547504480363966,-0.05396571265740965,,
V5_WB_vine_SR_cvZr,ISMN_20_30cm,XI-III,0.7075430407141795,0.6087139832267949,0.7841044081207555,1227,0.519786642794387,1227.0,0.18775639791979248,0.09112811083441909,0.29403208690917504,,
V9_ERA5+WB_loyo,ISMN_20_30cm,all,0.56771355794981,0.48652431114067746,0.6484193770630319,2976,0.5834286013280848,2976.0,-0.015715043378274784,-0.036408178984324864,0.004139158588954545,-0.036593202458522364,0.019125847432297678
V9_ERA5+WB_loyo,ISMN_10cm,all,0.5233225290511302,0.4236643474231558,0.6120526460976645,1542,0.4777657342697182,1542.0,0.045556794781412,0.01503982443648244,0.08385716247806303,0.005960353105910696,0.09238194841848657
V9_ERA5+WB_loyo,ISMN_20_30cm,IV-X,0.5820876324959862,0.4735616663551833,0.6775090763629545,1749,0.6269010679919663,1749.0,-0.04481343549598016,-0.0755844785284585,-0.016627543851540753,,
V9_ERA5+WB_loyo,ISMN_20_30cm,XI-III,0.5473479546960172,0.3972237640970843,0.6745992633549572,1227,0.519786642794387,1227.0,0.027561311901630137,0.0009288744221735203,0.05374349400050289,,
B0_ERA5L_RZ_loyo,ISMN_20_30cm,all,0.5583794144643665,0.473273451652878,0.6402713020521569,2976,0.5834286013280848,2976.0,-0.025049186863718376,-0.03498126843980776,-0.01611831768421503,-0.038947779234815134,-0.007051973937964882
B0_ERA5L_RZ_loyo,ISMN_10cm,all,0.49090213817987255,0.3789324773667757,0.5888650084972538,1542,0.4777657342697182,1542.0,0.01313640391015436,0.0010746873986478527,0.026542990814565424,-0.0027519960833453107,0.023362533578230316
B0_ERA5L_RZ_loyo,ISMN_20_30cm,IV-X,0.5960283415983478,0.49687399358007833,0.6883770359747455,1749,0.6269010679919663,1749.0,-0.030872726393618488,-0.04295417343621647,-0.019190775323604074,,
B0_ERA5L_RZ_loyo,ISMN_20_30cm,XI-III,0.5022771185484468,0.34287714245543127,0.6428321494100008,1227,0.519786642794387,1227.0,-0.01750952424594021,-0.03425250475990341,-0.005126602508717785,,
