variant,anomaly_ref,pod,far,hits,misses,false_alarms,n,pod_lo,pod_hi,far_lo,far_hi
B0_ERA5L_RZ,operational_1991-2020,0.574468085106383,0.5714285714285714,27,20,36,312,0.21208133971291868,0.8260869565217391,0.42421328671328673,0.8
B0_ERA5L_RZ,common_2016-2024,0.5106382978723404,0.4666666666666667,24,23,21,312,0.24242424242424243,0.6585625324338349,0.36363636363636365,0.5501388888888882
V1_WB_vine_SR,operational_1991-2020,0.3617021276595745,0.5277777777777778,17,30,19,312,0.18735795454545456,0.5135228978978978,0.42424242424242425,0.7142857142857143
V1_WB_vine_SR,common_2016-2024,0.3617021276595745,0.5277777777777778,17,30,19,312,0.21621621621621623,0.5185555555555553,0.391304347826087,0.6470588235294118
V2_WB_vine_10m,operational_1991-2020,0.3617021276595745,0.5277777777777778,17,30,19,312,0.18735795454545456,0.5135228978978978,0.42424242424242425,0.7142857142857143
V2_WB_vine_10m,common_2016-2024,0.3829787234042553,0.5263157894736842,18,29,20,312,0.21621621621621623,0.5217908902691508,0.4375,0.6521739130434783
V3_WB_vine_clim,operational_1991-2020,0.425531914893617,0.5238095238095238,20,27,22,312,0.18735795454545456,0.5849171652093879,0.42105263157894735,0.75
V3_WB_vine_clim,common_2016-2024,0.44680851063829785,0.5,21,26,21,312,0.24242424242424243,0.5714285714285714,0.3888440860215054,0.6666666666666666
V4_WB_station,operational_1991-2020,0.3829787234042553,0.5384615384615384,18,29,21,312,0.18735795454545456,0.5277908805031446,0.4126984126984127,0.7777777777777778
V4_WB_station,common_2016-2024,0.44680851063829785,0.46153846153846156,21,26,18,312,0.25925925925925924,0.6097560975609756,0.36363636363636365,0.6
V6_SPEI30_like,operational_1991-2020,0.425531914893617,0.6,20,27,30,312,0.2753410059676044,0.6666666666666666,0.42592592592592593,0.8085359675785205
V6_SPEI30_like,common_2016-2024,0.425531914893617,0.5555555555555556,20,27,25,312,0.301547619047619,0.6389880952380946,0.39215686274509803,0.75
V7_SPEI60_like,operational_1991-2020,0.3191489361702128,0.7058823529411765,15,32,36,312,0.13793103448275862,0.5,0.5262531328320802,0.9166666666666666
V7_SPEI60_like,common_2016-2024,0.40425531914893614,0.5869565217391305,19,28,27,312,0.19439102564102564,0.5882352941176471,0.45714285714285713,0.8
V8_SPEI90_like,operational_1991-2020,0.2553191489361702,0.7818181818181819,12,35,43,312,0.1111111111111111,0.3404376208897485,0.6181818181818182,0.9302721987315008
V8_SPEI90_like,common_2016-2024,0.23404255319148937,0.725,11,36,29,312,0.12118181818181818,0.34210526315789475,0.6206896551724138,0.8518790849673201
V5_WB_vine_SR_cvZr,operational_1991-2020,0.425531914893617,0.375,20,27,12,312,0.25625,0.5853868797308661,0.19230769230769232,0.5883021390374328
V5_WB_vine_SR_cvZr,common_2016-2024,0.425531914893617,0.42857142857142855,20,27,15,312,0.27586206896551724,0.6,0.2631006864988558,0.5807123655913975
