held_out,best_zr_m,r_train_zr0.35,r_train_zr0.5,r_train_zr0.75,r_train_zr1.0,r_train_zr1.5
2016,0.5,0.5921546066513249,0.6260890854412207,0.6137968416575547,0.5811572156387247,0.501433167373138
2017,0.75,0.5389319069978076,0.5690408134812155,0.5747986859638959,0.5568414536677438,0.4726044584620776
2018,0.75,0.5851434575777104,0.6067759436446288,0.6076511472778173,0.5857755697799611,0.5165061629173433
2019,0.5,0.5468352862166646,0.5722039508451139,0.5716647347402865,0.544673796576087,0.4719772885407691
2020,0.75,0.5645246644266361,0.5880756433815325,0.5892747904267851,0.5669549750370109,0.4885620322235503
2021,0.5,0.5779121870406482,0.607114797121917,0.6035935611449283,0.5715009952554397,0.4849619632339489
2022,0.5,0.5632509552304433,0.5866852690138258,0.5794876233191888,0.5521361059577449,0.4692946553784117
2023,0.75,0.5571230942431135,0.5843341278762422,0.5883173692657978,0.565599066630857,0.4855836034236794
2024,0.5,0.5503749114806032,0.5746774176289741,0.5696166539421739,0.5387163923758357,0.4475948801600969
