year,B0_ERA5L_RZ,B0_ERA5L_RZ__base_same_days,V1_WB_vine_SR,V1_WB_vine_SR__base_same_days,V2_WB_vine_10m,V2_WB_vine_10m__base_same_days,V3_WB_vine_clim,V3_WB_vine_clim__base_same_days,V4_WB_station,V4_WB_station__base_same_days,V5_WB_vine_SR_cvZr,V5_WB_vine_SR_cvZr__base_same_days,V6_SPEI30_like,V6_SPEI30_like__base_same_days,V7_SPEI60_like,V7_SPEI60_like__base_same_days,V8_SPEI90_like,V8_SPEI90_like__base_same_days,V9_ERA5+WB_loyo,V9_ERA5+WB_loyo__base_same_days
2016,0.6942833144960261,0.6942833144960261,0.7149743360904393,0.6942833144960261,0.7150754560579002,0.6942833144960261,0.7024380237413259,0.6942833144960261,0.7527401073676906,0.6942833144960261,0.5515876528894985,0.6942833144960261,0.6516172091017969,0.6942833144960261,0.6745955080259117,0.6942833144960261,0.6602739214727872,0.6942833144960261,0.7302688425280763,0.6942833144960261
2017,0.21432793070493975,0.21432793070493975,0.18033821703056077,0.21432793070493975,0.17933480533362772,0.21432793070493975,0.20552260196274638,0.21432793070493975,0.20568606173152373,0.21432793070493975,0.4345603845764666,0.21432793070493975,0.5608419814441714,0.21432793070493975,0.37369240818064076,0.21432793070493975,0.09814225624119616,0.21432793070493975,0.2016257716898295,0.21432793070493975
2018,0.344455922156171,0.344455922156171,0.5017394376590607,0.344455922156171,0.5017364740037951,0.344455922156171,0.5053337016695605,0.344455922156171,0.5325787431023773,0.344455922156171,0.5414028609581413,0.344455922156171,0.4444680968646723,0.344455922156171,0.5224335299247267,0.344455922156171,0.3351871159286304,0.344455922156171,0.4272901694352075,0.344455922156171
2019,0.6359964162639306,0.6359964162639306,0.6954035526884784,0.6359964162639306,0.6966569688690316,0.6359964162639306,0.7121438326571261,0.6359964162639306,0.6784740730625151,0.6359964162639306,0.7006235912119765,0.6359964162639306,0.561609744203294,0.6359964162639306,0.5040070305070297,0.6359964162639306,0.5160535323049458,0.6359964162639306,0.6854154437188585,0.6359964162639306
2020,0.24672451741704327,0.24672451741704327,0.45531813277838185,0.24672451741704327,0.45376833580297954,0.24672451741704327,0.4733795589154979,0.24672451741704327,0.4400892871680697,0.24672451741704327,0.5472813036783618,0.24672451741704327,0.45297575411552254,0.24672451741704327,0.14582392887731108,0.24672451741704327,0.026720875808497233,0.24672451741704327,0.3343369222612488,0.24672451741704327
2021,0.6839256242327373,0.6839256242327373,0.5809247047902882,0.6839256242327373,0.5811252440493213,0.6839256242327373,0.5713099198775448,0.6839256242327373,0.5672501042209489,0.6839256242327373,0.5627544326005218,0.6839256242327373,0.6123901338502046,0.6839256242327373,0.5312449708904726,0.6839256242327373,0.4021133321731449,0.6839256242327373,0.6515736006075161,0.6839256242327373
2022,0.7165243078870437,0.7165243078870437,0.7183699809050169,0.7165243078870437,0.7185257613129641,0.7165243078870437,0.706966919561256,0.7165243078870437,0.7518117105324931,0.7165243078870437,0.5368063811018128,0.7165243078870437,0.5542695417866744,0.7165243078870437,0.4645712178155102,0.7165243078870437,0.388299354556776,0.7165243078870437,0.7521812542288842,0.7165243078870437
2023,0.6182357343751936,0.6182357343751936,0.5513780403210852,0.6182357343751936,0.5361393839252738,0.6182357343751936,0.5499130013731541,0.6182357343751936,0.578001713982833,0.6182357343751936,0.6157704438143871,0.6182357343751936,0.5986589327056964,0.6182357343751936,0.4887683512645962,0.6182357343751936,0.20425492037793982,0.6182357343751936,0.6176795389801851,0.6182357343751936
2024,0.5522964426946799,0.5522964426946799,0.44605209905626897,0.5522964426946799,0.44573534111352103,0.5522964426946799,0.44561270208400944,0.5522964426946799,0.40426299904179375,0.5522964426946799,0.5175318729670463,0.5522964426946799,0.44096887012416297,0.5522964426946799,0.4386165720718106,0.5522964426946799,0.20228113752221286,0.5522964426946799,0.5593661304291423,0.5522964426946799
