variant,anomaly_ref,subset,pod,far,hits,misses,false_alarms,n,pod_lo,pod_hi,far_lo,far_hi
B0_ERA5L_RZ,operational_1991-2020,all,0.574468085106383,0.5714285714285714,27,20,36,312,0.21208133971291868,0.8260869565217391,0.42421328671328673,0.8
B0_ERA5L_RZ,operational_1991-2020,IV-X,0.5862068965517241,0.6136363636363636,17,12,27,182,0.0,0.8437673611111111,0.3499801587301587,1.0
B0_ERA5L_RZ,common_2016-2024,all,0.5106382978723404,0.4666666666666667,24,23,21,312,0.24242424242424243,0.6585625324338349,0.36363636363636365,0.5501388888888882
B0_ERA5L_RZ,common_2016-2024,IV-X,0.41379310344827586,0.4782608695652174,12,17,11,182,0.0,0.6217060810810806,0.3,1.0
V1_WB_vine_SR,operational_1991-2020,all,0.3617021276595745,0.5277777777777778,17,30,19,312,0.18735795454545456,0.5135228978978978,0.42424242424242425,0.7142857142857143
V1_WB_vine_SR,operational_1991-2020,IV-X,0.20689655172413793,0.6842105263157895,6,23,13,182,0.0,0.5263157894736842,0.45,1.0
V1_WB_vine_SR,common_2016-2024,all,0.3617021276595745,0.5277777777777778,17,30,19,312,0.21621621621621623,0.5185555555555553,0.391304347826087,0.6470588235294118
V1_WB_vine_SR,common_2016-2024,IV-X,0.1724137931034483,0.6666666666666666,5,24,10,182,0.0,0.5263157894736842,0.4166666666666667,1.0
V2_WB_vine_10m,operational_1991-2020,all,0.3617021276595745,0.5277777777777778,17,30,19,312,0.18735795454545456,0.5135228978978978,0.42424242424242425,0.7142857142857143
V2_WB_vine_10m,operational_1991-2020,IV-X,0.20689655172413793,0.6842105263157895,6,23,13,182,0.0,0.5263157894736842,0.45,1.0
V2_WB_vine_10m,common_2016-2024,all,0.3829787234042553,0.5263157894736842,18,29,20,312,0.21621621621621623,0.5217908902691508,0.4375,0.6521739130434783
V2_WB_vine_10m,common_2016-2024,IV-X,0.20689655172413793,0.6470588235294118,6,23,11,182,0.0,0.5263157894736842,0.4444444444444444,1.0
V3_WB_vine_clim,operational_1991-2020,all,0.425531914893617,0.5238095238095238,20,27,22,312,0.18735795454545456,0.5849171652093879,0.42105263157894735,0.75
V3_WB_vine_clim,operational_1991-2020,IV-X,0.3103448275862069,0.64,9,20,16,182,0.0,0.5503124999999983,0.4146131202691337,1.0
V3_WB_vine_clim,common_2016-2024,all,0.44680851063829785,0.5,21,26,21,312,0.24242424242424243,0.5714285714285714,0.3888440860215054,0.6666666666666666
V3_WB_vine_clim,common_2016-2024,IV-X,0.27586206896551724,0.6,8,21,12,182,0.0,0.5454545454545454,0.39387351778656127,1.0
V4_WB_station,operational_1991-2020,all,0.3829787234042553,0.5384615384615384,18,29,21,312,0.18735795454545456,0.5277908805031446,0.4126984126984127,0.7777777777777778
V4_WB_station,operational_1991-2020,IV-X,0.2413793103448276,0.6818181818181818,7,22,15,182,0.0,0.5263931888544887,0.4090909090909091,1.0
V4_WB_station,common_2016-2024,all,0.44680851063829785,0.46153846153846156,21,26,18,312,0.25925925925925924,0.6097560975609756,0.36363636363636365,0.6
V4_WB_station,common_2016-2024,IV-X,0.2413793103448276,0.5882352941176471,7,22,10,182,0.0,0.5263931888544887,0.35992857142857143,1.0
V5_WB_vine_SR_cvZr,operational_1991-2020,all,0.425531914893617,0.375,20,27,12,312,0.25625,0.5853868797308661,0.19230769230769232,0.5883021390374328
V5_WB_vine_SR_cvZr,operational_1991-2020,IV-X,0.2413793103448276,0.46153846153846156,7,22,6,182,0.06976744186046512,0.6,0.2,0.8
V5_WB_vine_SR_cvZr,common_2016-2024,all,0.425531914893617,0.42857142857142855,20,27,15,312,0.27586206896551724,0.6,0.2631006864988558,0.5807123655913975
V5_WB_vine_SR_cvZr,common_2016-2024,IV-X,0.20689655172413793,0.4,6,23,4,182,0.06976744186046512,0.5789473684210527,0.0,0.6666666666666666
V6_SPEI30_like,operational_1991-2020,all,0.425531914893617,0.6,20,27,30,312,0.2753410059676044,0.6666666666666666,0.42592592592592593,0.8085359675785205
V6_SPEI30_like,operational_1991-2020,IV-X,0.3793103448275862,0.6764705882352942,11,18,23,182,0.19047619047619047,0.75,0.454491341991342,0.875
V6_SPEI30_like,common_2016-2024,all,0.425531914893617,0.5555555555555556,20,27,25,312,0.301547619047619,0.6389880952380946,0.39215686274509803,0.75
V6_SPEI30_like,common_2016-2024,IV-X,0.3793103448275862,0.5416666666666666,11,18,13,182,0.20906976744186048,0.75,0.34375,0.8
D_ERA5L_0-28cm,operational_1991-2020,all,0.48936170212765956,0.5306122448979592,23,24,26,312,0.2926829268292683,0.6285714285714286,0.352112676056338,0.7666860465116279
D_ERA5L_0-28cm,operational_1991-2020,IV-X,0.3793103448275862,0.6764705882352942,11,18,23,182,0.18181818181818182,0.6666666666666666,0.43478260869565216,0.9047991071428569
D_ERA5L_0-28cm,common_2016-2024,all,0.6170212765957447,0.40816326530612246,29,18,20,312,0.4761501210653753,0.8,0.32691326530612247,0.5666666666666667
D_ERA5L_0-28cm,common_2016-2024,IV-X,0.4482758620689655,0.5,13,16,13,182,0.2631578947368421,0.75,0.3157894736842105,0.7894736842105263
