quantity_name;unit;depth_from[m];depth_to[m];value;description;quantity_source_name;quantity_source_description;quantity_source_provider;quantity_source_version;quantity_source_resolution;quantity_source_timerange;quantity_source_url;
saturation;m^3*m^-3;0.00;0.30;0.54;;HWSD;Harmonized World Soil Database v1.1  by IIASA;IIASA;v1.1;30";None;http://webarchive.iiasa.ac.at/Research/LUC/External-World-soil-database/HTML/;
clay fraction;% weight;0.00;0.30;12.00;;HWSD;Harmonized World Soil Database v1.1  by IIASA;IIASA;v1.1;30";None;http://webarchive.iiasa.ac.at/Research/LUC/External-World-soil-database/HTML/;
organic carbon;% weight;0.00;0.30;3.15;;HWSD;Harmonized World Soil Database v1.1  by IIASA;IIASA;v1.1;30";None;http://webarchive.iiasa.ac.at/Research/LUC/External-World-soil-database/HTML/;
sand fraction;% weight;0.00;0.30;48.00;;HWSD;Harmonized World Soil Database v1.1  by IIASA;IIASA;v1.1;30";None;http://webarchive.iiasa.ac.at/Research/LUC/External-World-soil-database/HTML/;
silt fraction;% weight;0.00;0.30;40.00;;HWSD;Harmonized World Soil Database v1.1  by IIASA;IIASA;v1.1;30";None;http://webarchive.iiasa.ac.at/Research/LUC/External-World-soil-database/HTML/;
saturation;m^3*m^-3;0.05;0.05;0.62;;insitu_calculated;calculated with in situ data;None;None;None;None;None;
clay fraction;% weight;0.05;0.05;15.00;;insitu;in situ;None;None;None;None;None;
organic carbon;% weight;0.05;0.05;5.88;;insitu;in situ;None;None;None;None;None;
sand fraction;% weight;0.05;0.05;67.60;;insitu;in situ;None;None;None;None;None;
silt fraction;% weight;0.05;0.05;17.40;;insitu_calculated;calculated with in situ data;None;None;None;None;None;
saturation;m^3*m^-3;0.10;0.10;0.57;;insitu_calculated;calculated with in situ data;None;None;None;None;None;
clay fraction;% weight;0.10;0.10;12.60;;insitu;in situ;None;None;None;None;None;
organic carbon;% weight;0.10;0.10;4.52;;insitu;in situ;None;None;None;None;None;
sand fraction;% weight;0.10;0.10;72.00;;insitu;in situ;None;None;None;None;None;
silt fraction;% weight;0.10;0.10;15.40;;insitu_calculated;calculated with in situ data;None;None;None;None;None;
saturation;m^3*m^-3;0.20;0.20;0.55;;insitu_calculated;calculated with in situ data;None;None;None;None;None;
clay fraction;% weight;0.20;0.20;12.90;;insitu;in situ;None;None;None;None;None;
organic carbon;% weight;0.20;0.20;3.97;;insitu;in situ;None;None;None;None;None;
sand fraction;% weight;0.20;0.20;69.60;;insitu;in situ;None;None;None;None;None;
silt fraction;% weight;0.20;0.20;17.50;;insitu_calculated;calculated with in situ data;None;None;None;None;None;
saturation;m^3*m^-3;0.30;0.30;0.52;;insitu_calculated;calculated with in situ data;None;None;None;None;None;
clay fraction;% weight;0.30;0.30;10.90;;insitu;in situ;None;None;None;None;None;
organic carbon;% weight;0.30;0.30;3.09;;insitu;in situ;None;None;None;None;None;
sand fraction;% weight;0.30;0.30;66.40;;insitu;in situ;None;None;None;None;None;
silt fraction;% weight;0.30;0.30;22.70;;insitu_calculated;calculated with in situ data;None;None;None;None;None;
saturation;m^3*m^-3;0.30;1.00;0.43;;HWSD;Harmonized World Soil Database v1.1  by IIASA;IIASA;v1.1;30";None;http://webarchive.iiasa.ac.at/Research/LUC/External-World-soil-database/HTML/;
clay fraction;% weight;0.30;1.00;12.00;;HWSD;Harmonized World Soil Database v1.1  by IIASA;IIASA;v1.1;30";None;http://webarchive.iiasa.ac.at/Research/LUC/External-World-soil-database/HTML/;
organic carbon;% weight;0.30;1.00;1.13;;HWSD;Harmonized World Soil Database v1.1  by IIASA;IIASA;v1.1;30";None;http://webarchive.iiasa.ac.at/Research/LUC/External-World-soil-database/HTML/;
sand fraction;% weight;0.30;1.00;55.00;;HWSD;Harmonized World Soil Database v1.1  by IIASA;IIASA;v1.1;30";None;http://webarchive.iiasa.ac.at/Research/LUC/External-World-soil-database/HTML/;
silt fraction;% weight;0.30;1.00;33.00;;HWSD;Harmonized World Soil Database v1.1  by IIASA;IIASA;v1.1;30";None;http://webarchive.iiasa.ac.at/Research/LUC/External-World-soil-database/HTML/;
land cover classification;;;;130;Grassland;CCI_landcover_2000;ESA CCI Land Cover;ESA;2000-v1.6.1;300m;1998-2002;http://www.esa-landcover-cci.org/;
land cover classification;;;;130;Grassland;CCI_landcover_2005;ESA CCI Land Cover;ESA;2005-v1.6.1;300m;2003-2007;http://www.esa-landcover-cci.org/;
land cover classification;;;;130;Grassland;CCI_landcover_2010;ESA CCI Land Cover;ESA;2010-v1.6.1;300m;2008-2012;http://www.esa-landcover-cci.org/;
climate classification;;;;Dfb;Cold - Without dry season - Warm Summer;koeppen_geiger_2007;Koeppen-Geiger Climate Classification;None;Peel2007;0.1°;None;http://www.hydrol-earth-syst-sci.net/11/1633/2007/;
climate classification;;;;Cfb;Temperate - Without dry season - Warm Summer;koeppen_geiger_2017;Version 2017 Koeppen-Geiger Climate Classification;None;Rubel2017;0.08°;None;http://koeppen-geiger.vu-wien.ac.at/pdf/Paper_2017.pdf;
