site,product,index,r_rz,lo,hi,n,r_10cm,n10,pod,far,hss,hits,n_obs_ev
VINEYARD_06,S2SR_2.5m,ndvi,0.4325109721303901,0.24210186356693753,0.5943445395816613,245,0.41182565023630596,134,0.0625,0.90625,-0.0969264278799614,3,48
VINEYARD_06,S2SR_2.5m,ndmi,0.4092930741766817,0.19940468176144158,0.586954982109894,245,0.31643729115163177,134,0.08333333333333333,0.8947368421052632,-0.09688899093100689,4,48
VINEYARD_06,S2SR_2.5m,ndre,0.3820965877578575,0.15402079450054754,0.5700611211110865,245,0.3607259432186068,134,0.10416666666666667,0.8484848484848485,-0.04305330694969117,5,48
VINEYARD_06,S2SR_2.5m,crswir,-0.37047663810072945,-0.5512897026553528,-0.14931506419337526,245,-0.23858653441677835,134,0.125,0.8909090909090909,-0.11726384364820831,6,48
VINEYARD_06,S2_10m,ndvi,0.4264606158379833,0.2345125152352625,0.5890562634261634,247,0.40185115140879646,134,0.0625,0.90625,-0.09527804410354752,3,48
VINEYARD_06,S2_10m,ndmi,0.39044947379175615,0.17715361807936172,0.5692411379221111,247,0.31863779162142847,134,0.08333333333333333,0.8947368421052632,-0.09503239740820742,4,48
VINEYARD_06,S2_10m,ndre,0.3692844900703301,0.14704636592103862,0.5569689188839898,247,0.36421209599449555,134,0.08333333333333333,0.875,-0.06567593480345164,4,48
SMOSMANIA_Condom_poly,S2SR_2.5m,ndvi,0.3780206878143823,0.21308227406657604,0.5419999982946336,256,0.47620351367288233,138,0.16326530612244897,0.8297872340425532,-0.02553830746119179,8,49
SMOSMANIA_Condom_poly,S2SR_2.5m,ndmi,0.3707998146390367,0.18365525477896538,0.5521083001587652,255,0.416689591310995,138,0.16326530612244897,0.7241379310344828,0.07261848897231332,8,49
SMOSMANIA_Condom_poly,S2SR_2.5m,ndre,0.3426371281276129,0.16213800790154986,0.5181439787888019,255,0.44624860045145825,138,0.12244897959183673,0.8636363636363636,-0.06452610421068902,6,49
SMOSMANIA_Condom_poly,S2SR_2.5m,crswir,-0.3768710618364945,-0.5521998266897132,-0.18910966193875153,255,-0.3680178879384344,138,0.12244897959183673,0.9104477611940298,-0.15234205266359607,6,49
SMOSMANIA_Condom_poly,S2_10m,ndvi,0.3723714418169296,0.20553109884916765,0.5368805267452026,257,0.468970159269226,138,0.14285714285714285,0.8478260869565217,-0.045712563419902666,7,49
SMOSMANIA_Condom_poly,S2_10m,ndmi,0.4040439616124048,0.23065453378393663,0.5727498195120063,257,0.49487797118726634,138,0.12244897959183673,0.7931034482758621,0.01406649616368292,6,49
SMOSMANIA_Condom_poly,S2_10m,ndre,0.377683638478098,0.20448564698459407,0.537518720589821,257,0.441520032359054,138,0.16326530612244897,0.8222222222222222,-0.01509013570994535,8,49
SMOSMANIA_Condom,S2SR_2.5m,ndvi,0.42093502649933795,0.2668062857223307,0.5677840407169783,253,0.5216719644897906,136,0.12244897959183673,0.8235294117647058,-0.016754400860361285,6,49
SMOSMANIA_Condom,S2SR_2.5m,ndmi,0.4135861781762273,0.24541625803005768,0.5685945861863836,252,0.5217020321163024,136,0.12244897959183673,0.7391304347826086,0.04845814977973549,6,49
SMOSMANIA_Condom,S2SR_2.5m,ndre,0.37760964582253875,0.2182830951786867,0.5346606416304633,252,0.4750438483020929,136,0.10204081632653061,0.8611111111111112,-0.056338028169014086,5,49
SMOSMANIA_Condom,S2SR_2.5m,crswir,-0.408158073862811,-0.5711080984973551,-0.2409228230682892,252,-0.4817128003796388,136,0.10204081632653061,0.9264705882352942,-0.18159509202454005,5,49
SMOSMANIA_Condom,S2_10m,ndvi,0.4207815505698613,0.26663774587616756,0.5676772224235704,253,0.5210744458688678,136,0.12244897959183673,0.8235294117647058,-0.016754400860361285,6,49
SMOSMANIA_Condom,S2_10m,ndmi,0.4208219595449644,0.2513602534683711,0.5757605491141249,253,0.5323585707422368,136,0.14285714285714285,0.72,0.06710914454277293,7,49
SMOSMANIA_Condom,S2_10m,ndre,0.3844355393649453,0.2231012464688809,0.5414233770599507,253,0.47757359626761525,136,0.10204081632653061,0.8571428571428571,-0.05049938278532166,5,49
