lam,rmse,mae,n,site,index
10,0.05046997583873786,0.03618267238680288,344,VINEYARD_06,ndvi
30,0.04791028092441508,0.03414308226127551,344,VINEYARD_06,ndvi
100,0.045882908622748866,0.0327431738960273,344,VINEYARD_06,ndvi
300,0.04471546671029242,0.03215467778515594,344,VINEYARD_06,ndvi
1000,0.04452343782359475,0.03251059480668416,344,VINEYARD_06,ndvi
3000,0.044630103183656004,0.03316145052544681,344,VINEYARD_06,ndvi
10000,0.04724131911183601,0.035510389374472595,344,VINEYARD_06,ndvi
10,0.03740321810043284,0.02687683928288302,342,VINEYARD_06,ndmi
30,0.035904498190689374,0.02572247310761492,342,VINEYARD_06,ndmi
100,0.03500442319486151,0.02523226385944819,342,VINEYARD_06,ndmi
300,0.03449087082935258,0.02489746577343188,342,VINEYARD_06,ndmi
1000,0.03405874060906069,0.02464547440611701,342,VINEYARD_06,ndmi
3000,0.03433534394635951,0.025234146259680405,342,VINEYARD_06,ndmi
10000,0.03626295865515189,0.026625310648131666,342,VINEYARD_06,ndmi
10,0.03658302419223202,0.02764728876277253,342,VINEYARD_06,ndre
30,0.0349650172585736,0.02610986031404311,342,VINEYARD_06,ndre
100,0.033272822772293265,0.024785330340187213,342,VINEYARD_06,ndre
300,0.0324892656475016,0.024293187291236414,342,VINEYARD_06,ndre
1000,0.032139493970260134,0.02415380651895018,342,VINEYARD_06,ndre
3000,0.032569118459277256,0.024645242733338842,342,VINEYARD_06,ndre
10000,0.03404931185729373,0.02590314490790236,342,VINEYARD_06,ndre
10,0.036354043635169475,0.02622541604677594,342,VINEYARD_06,crswir
30,0.03521042750501015,0.02528261120116714,342,VINEYARD_06,crswir
100,0.034493753382956606,0.024897150078669397,342,VINEYARD_06,crswir
300,0.034023455472685774,0.024833461392280345,342,VINEYARD_06,crswir
1000,0.03405259587646768,0.024902804106838247,342,VINEYARD_06,crswir
3000,0.03458809110783702,0.025418603326323706,342,VINEYARD_06,crswir
10000,0.03651937992655985,0.02725119702540655,342,VINEYARD_06,crswir
10,0.05700254012432275,0.03623727122996001,359,SMOSMANIA_Condom_poly,ndvi
30,0.05541633381430317,0.036653774002483624,359,SMOSMANIA_Condom_poly,ndvi
100,0.053929948201479894,0.036313888696008725,359,SMOSMANIA_Condom_poly,ndvi
300,0.0528887218701518,0.03614122096756738,359,SMOSMANIA_Condom_poly,ndvi
1000,0.055217265818278245,0.038254288956513394,359,SMOSMANIA_Condom_poly,ndvi
3000,0.05759131804533909,0.04093734454440207,359,SMOSMANIA_Condom_poly,ndvi
10000,0.06122509791220986,0.04542668940436538,359,SMOSMANIA_Condom_poly,ndvi
10,0.05294570115261513,0.03313882437695049,357,SMOSMANIA_Condom_poly,ndmi
30,0.051260911443674555,0.03292505698469359,357,SMOSMANIA_Condom_poly,ndmi
100,0.05137367721545517,0.033280223922098506,357,SMOSMANIA_Condom_poly,ndmi
300,0.053592640089368405,0.03563454425154017,357,SMOSMANIA_Condom_poly,ndmi
1000,0.055763583759570454,0.03785397926172936,357,SMOSMANIA_Condom_poly,ndmi
3000,0.057830192567867485,0.04021995653750498,357,SMOSMANIA_Condom_poly,ndmi
10000,0.06158548959429237,0.044448535898940864,357,SMOSMANIA_Condom_poly,ndmi
10,0.04092741805652675,0.026076741008473018,357,SMOSMANIA_Condom_poly,ndre
30,0.040313233685516585,0.02622686550095854,357,SMOSMANIA_Condom_poly,ndre
100,0.038672889538348645,0.025854462024363853,357,SMOSMANIA_Condom_poly,ndre
300,0.037731091812973065,0.02596757112845194,357,SMOSMANIA_Condom_poly,ndre
1000,0.039034656677455024,0.027790107321922605,357,SMOSMANIA_Condom_poly,ndre
3000,0.04094248424874078,0.029785037950650625,357,SMOSMANIA_Condom_poly,ndre
10000,0.04349171562950097,0.03253173308454949,357,SMOSMANIA_Condom_poly,ndre
10,0.06423561210334752,0.04082848818198853,357,SMOSMANIA_Condom_poly,crswir
30,0.06421651497444165,0.04043069616988464,357,SMOSMANIA_Condom_poly,crswir
100,0.06223854657506897,0.039494575879412165,357,SMOSMANIA_Condom_poly,crswir
300,0.06401787812392609,0.04171641565830809,357,SMOSMANIA_Condom_poly,crswir
1000,0.06729697319632039,0.04453881137423301,357,SMOSMANIA_Condom_poly,crswir
3000,0.06983437965873726,0.047966813631259674,357,SMOSMANIA_Condom_poly,crswir
10000,0.07442130606307296,0.05301882415458356,357,SMOSMANIA_Condom_poly,crswir
