,B0_ndvi_scene,V1a_ndvi_whittaker,V1b_ndvi_whittaker_RT,V1c_ndvi_trailing30d,V3a_ndmi_scene,V3b_ndre_scene,V3c_negcrswir_scene,V3d_meanz_ndvi_ndmi_crswir,V3e_pc1_loyo,V4_vine_minus_grass,V6_harmonic_loyo,V7_decline_since_june,V8a_whittaker_meanz,V8b_whittaker_meanz_RT
2016,-0.7,-0.87,-0.45,-0.7,-0.62,-0.66,-0.6,-0.65,-0.65,-0.93,-0.67,0.03,-0.82,-0.09
2017,-0.14,-0.26,-0.1,-0.23,-0.17,-0.18,-0.33,-0.21,-0.2,-0.03,-0.09,-0.25,-0.27,-0.09
2018,0.13,0.19,0.3,-0.09,0.05,-0.16,0.0,0.06,0.01,-0.58,0.13,0.37,0.03,0.14
2019,-0.13,-0.22,-0.25,-0.38,-0.22,-0.25,-0.19,-0.18,-0.2,-0.34,-0.13,0.06,-0.23,-0.28
2020,0.58,0.36,0.51,0.32,0.51,0.49,0.53,0.56,0.56,0.25,0.59,0.68,0.33,0.49
2021,0.76,0.73,0.66,0.73,0.85,0.78,0.82,0.82,0.82,0.24,0.78,-0.03,0.79,0.7
2022,-0.13,-0.11,-0.49,-0.04,0.02,-0.27,-0.11,-0.08,-0.14,-0.31,-0.12,-0.81,-0.02,-0.43
2023,0.82,0.91,0.9,0.71,0.82,0.8,0.83,0.83,0.83,0.76,0.81,0.82,0.9,0.91
2024,0.33,0.26,0.25,0.49,0.39,0.34,0.37,0.38,0.37,-0.34,0.23,-0.08,0.23,0.3
