variant,target,r,lo,hi,n,note
B0_ndvi_scene,lag0,0.4325109721303901,0.24210186356693753,0.5943445395816614,245,
B0_ndvi_scene,lag10,0.3895580692913781,0.21114659125770313,0.5418276808870798,229,
B0_ndvi_scene,lag20,0.3711162660650474,0.18778762854318562,0.5332988513268964,235,
B0_ndvi_scene,lag30,0.2536317638550233,0.07264390474075143,0.42666435361531,234,
B0_ndvi_scene,trail30,0.4693110819283383,0.27296389103794805,0.6492325599241465,231,
B0_ndvi_scene,LOYO-selected,0.4054537455385822,,,235,"lag0 same days R=0.442; chosen per held-out year: {2016: 'trail30', 2017: 'trail30', 2018: 'trail30', 2019: 'lag0', 2020: 'trail30', 2021: 'trail30', 2022: 'trail30', 2023: 'trail30', 2024: 'trail30'}"
V6_harmonic_loyo,lag0,0.4488686071847903,0.25499072212328966,0.6144259250481391,245,
V6_harmonic_loyo,lag10,0.3902463537177415,0.21296449065576356,0.539544526772124,229,
V6_harmonic_loyo,lag20,0.3691800393159321,0.19116584420903818,0.5276951902914199,235,
V6_harmonic_loyo,lag30,0.2527934834665118,0.07180138214277736,0.418507465697885,234,
V6_harmonic_loyo,trail30,0.4706407855575002,0.2774470878859406,0.6508639948883438,231,
V6_harmonic_loyo,LOYO-selected,0.4110170362324632,,,235,"lag0 same days R=0.457; chosen per held-out year: {2016: 'trail30', 2017: 'trail30', 2018: 'trail30', 2019: 'lag0', 2020: 'trail30', 2021: 'trail30', 2022: 'lag0', 2023: 'trail30', 2024: 'trail30'}"
V3a_ndmi_scene,lag0,0.4092930741766817,0.19940468176144155,0.586954982109894,245,
V3a_ndmi_scene,lag10,0.3824293038398397,0.19865637830173202,0.5282641446501861,229,
V3a_ndmi_scene,lag20,0.3577416352327864,0.17537122880703276,0.5247759451358046,235,
V3a_ndmi_scene,lag30,0.2929525559734904,0.10662521763476035,0.46510684605425323,234,
V3a_ndmi_scene,trail30,0.466342016812539,0.2480090006552921,0.6335693404898377,231,
V3a_ndmi_scene,LOYO-selected,0.466342016812539,,,231,"lag0 same days R=0.411; chosen per held-out year: {2016: 'trail30', 2017: 'trail30', 2018: 'trail30', 2019: 'trail30', 2020: 'trail30', 2021: 'trail30', 2022: 'trail30', 2023: 'trail30', 2024: 'trail30'}"
V3d_meanz_ndvi_ndmi_crswir,lag0,0.41342406236417345,0.20686775766098875,0.5883038106780308,245,
V3d_meanz_ndvi_ndmi_crswir,lag10,0.39871207007681647,0.21943571535629777,0.5413159459655522,229,
V3d_meanz_ndvi_ndmi_crswir,lag20,0.37089687614215483,0.18852236288647847,0.5393784002364999,235,
V3d_meanz_ndvi_ndmi_crswir,lag30,0.28705503767647117,0.10182841932573264,0.457769289700718,234,
V3d_meanz_ndvi_ndmi_crswir,trail30,0.4795701570484349,0.270341487593544,0.6494562813883679,231,
V3d_meanz_ndvi_ndmi_crswir,LOYO-selected,0.4795701570484349,,,231,"lag0 same days R=0.420; chosen per held-out year: {2016: 'trail30', 2017: 'trail30', 2018: 'trail30', 2019: 'trail30', 2020: 'trail30', 2021: 'trail30', 2022: 'trail30', 2023: 'trail30', 2024: 'trail30'}"
