date,site_id,cdi_level,cdi_class,action,spi1,spi3,sma_rz,veg_z,veg_source,veg_age_days,confidence,reason_codes,ins_z_dekad
2017-04-20,VINEYARD_06,3,alert,inspect,-0.31769770310831813,-0.0885383069854409,-1.1505410055340406,-2.070651583240288,V1c_ndvi_trailing30d,1.0,high,"SPI1=-0.3;SPI3=-0.1;SMA_RZ=-1.2;VEG_Z=-2.1(V1c_ndvi_trailing30d,1d)",-0.13542478887495843
2017-04-30,VINEYARD_06,3,alert,inspect,-1.6171580832933226,0.015709426912205577,-1.7183089199097406,-1.948336078111731,V1c_ndvi_trailing30d,1.0,high,"SPI1=-1.6;SPI3=0.0;SMA_RZ=-1.7;VEG_Z=-1.9(V1c_ndvi_trailing30d,1d)",-1.250984599564507
2017-05-10,VINEYARD_06,3,alert,inspect,-1.1341811987772863,-0.3741922681758198,-1.457891100807285,-1.9083991957523083,V1c_ndvi_trailing30d,1.0,high,"SPI1=-1.1;SPI3=-0.4;SMA_RZ=-1.5;VEG_Z=-1.9(V1c_ndvi_trailing30d,1d)",-1.4633385435161148
2017-05-20,VINEYARD_06,3,alert,inspect,0.1558160404099061,0.14654844707853945,-1.4741237636136575,-1.9037871753795228,V1c_ndvi_trailing30d,1.0,high,"SPI1=0.2;SPI3=0.1;SMA_RZ=-1.5;VEG_Z=-1.9(V1c_ndvi_trailing30d,1d)",-1.0752321815048729
2017-05-31,VINEYARD_06,3,alert,inspect,0.23747713839242476,0.08962023168000671,-1.446323567642619,-1.94880457561538,V1c_ndvi_trailing30d,5.0,high,"SPI1=0.2;SPI3=0.1;SMA_RZ=-1.4;VEG_Z=-1.9(V1c_ndvi_trailing30d,5d)",-0.5834420586169113
2017-06-10,VINEYARD_06,3,alert,inspect,0.3148570614639889,-0.4956963190492643,-1.2247052392189341,-1.690138303392619,V1c_ndvi_trailing30d,2.0,high,"SPI1=0.3;SPI3=-0.5;SMA_RZ=-1.2;VEG_Z=-1.7(V1c_ndvi_trailing30d,2d)",-1.188458386452555
2017-06-20,VINEYARD_06,3,alert,inspect,-0.48355868932916,-0.7198932054862528,-1.4929912519676294,-1.0409209171030496,V1c_ndvi_trailing30d,2.0,high,"SPI1=-0.5;SPI3=-0.7;SMA_RZ=-1.5;VEG_Z=-1.0(V1c_ndvi_trailing30d,2d)",-1.4874392167190789
2019-04-20,VINEYARD_06,3,alert,inspect,-0.6843692065162097,-0.03775379820830158,-1.1110097221690187,-1.2003837922299578,V1c_ndvi_trailing30d,4.0,high,"SPI1=-0.7;SPI3=-0.0;SMA_RZ=-1.1;VEG_Z=-1.2(V1c_ndvi_trailing30d,4d)",-0.5995476050290145
2019-05-20,VINEYARD_06,3,alert,inspect,0.46523443009751925,-1.0364751064603928,-1.00905045979575,-1.3776219335228566,V1c_ndvi_trailing30d,6.0,high,"SPI1=0.5;SPI3=-1.0;SMA_RZ=-1.0;VEG_Z=-1.4(V1c_ndvi_trailing30d,6d)",-0.9602062925560084
2022-09-10,VINEYARD_06,3,alert,inspect,0.31598622678086946,-0.5965267849798213,-1.4265192577487162,-1.1964571322463435,V1c_ndvi_trailing30d,0.0,high,"SPI1=0.3;SPI3=-0.6;SMA_RZ=-1.4;VEG_Z=-1.2(V1c_ndvi_trailing30d,0d)",-0.44811443225679676
2022-09-20,VINEYARD_06,3,alert,inspect,-1.490381403036268,-0.907247473844621,-1.5439049892000496,-1.0874594020662651,V1c_ndvi_trailing30d,0.0,high,"SPI1=-1.5;SPI3=-0.9;SMA_RZ=-1.5;VEG_Z=-1.1(V1c_ndvi_trailing30d,0d)",-0.5195749322661267
2022-09-30,VINEYARD_06,3,alert,inspect,0.017371311116191515,-0.9056557909403428,-1.274423947721672,-1.1011518217237708,V1c_ndvi_trailing30d,8.0,high,"SPI1=0.0;SPI3=-0.9;SMA_RZ=-1.3;VEG_Z=-1.1(V1c_ndvi_trailing30d,8d)",-0.6791755311408341
2022-10-20,VINEYARD_06,3,alert,inspect,0.07606401558981435,-0.8709625099694059,-1.0217208594286027,-1.4419413445272629,V1c_ndvi_trailing30d,5.0,high,"SPI1=0.1;SPI3=-0.9;SMA_RZ=-1.0;VEG_Z=-1.4(V1c_ndvi_trailing30d,5d)",
2022-10-31,VINEYARD_06,3,alert,inspect,-1.5002532933714323,-0.9225815388955935,-1.3489789984795388,-1.4419413445272629,V1c_ndvi_trailing30d,16.0,medium,"SPI1=-1.5;SPI3=-0.9;SMA_RZ=-1.3;VEG_Z=-1.4(V1c_ndvi_trailing30d,16d)",
