variant,veg_months,n_alert,n_warn_only,ismn_z_alert,ismn_z_warn_only,diff,lo,hi
B0_ndvi_scene,IV-X,16,28,-0.771999548915179,-0.8355829337190273,0.06358338480384829,-0.34704524250660224,0.24684666215014806
B0_ndvi_scene,VI-IX,6,38,-0.5436617264496372,-0.8549038044231001,0.3112420779734629,-0.10987866969398083,0.43205100795113494
V1b_ndvi_whittaker_RT,IV-X,16,28,-0.7417515161435205,-0.8528675238742608,0.11111600773074026,-0.26737734741076713,0.3172950880360381
V1b_ndvi_whittaker_RT,VI-IX,9,35,-0.6444275765148822,-0.8556704782326197,0.2112429017177374,-0.4489664397466141,0.34987920205098605
V1c_ndvi_trailing30d,IV-X,12,32,-0.8659115473748148,-0.7924180111961828,-0.07349353617863197,-0.32132155854067657,0.17651376102545002
V1c_ndvi_trailing30d,VI-IX,5,39,-0.8645524997670784,-0.8057833955882112,-0.05876910417886716,-0.6077833008623812,0.2663536078648793
V3a_ndmi_scene,IV-X,14,30,-0.8065765807872506,-0.8152080931918042,0.00863151240455362,-0.42587263780958906,0.18061700100286962
V3a_ndmi_scene,VI-IX,5,39,-0.616644544785302,-0.8375664667397209,0.22092192195441895,-0.21254627631089218,0.33913250443834536
V3d_meanz_ndvi_ndmi_crswir,IV-X,18,26,-0.8044313277268551,-0.8180211933727783,0.013589865645923238,-0.44002117115783024,0.22412667453435514
V3d_meanz_ndvi_ndmi_crswir,VI-IX,7,37,-0.5635282444170018,-0.8595572220501788,0.29602897763317704,-0.16323557951714068,0.4226353908297126
V6_harmonic_loyo,IV-X,13,31,-0.7755327453542236,-0.8279480399087331,0.05241529455450955,-0.32671856454152276,0.18351966712258513
V6_harmonic_loyo,VI-IX,4,40,-0.5738283351999207,-0.8363250396493985,0.2624967044494778,-0.12743618987281402,0.3784260154469688
