site,product,variant,n,r_20_30,lo,hi,dR_vs_B0,dR_lo,dR_hi,r_10cm,lo10,hi10,n_10cm
SMOSMANIA_Condom_poly,S2SR_2.5m,B0_ndvi,256,0.3780206878143823,0.21308227406657604,0.5419999982946336,0.0,0.0,0.0,0.4790923273978312,0.32142053800328635,0.6116013919025479,132
SMOSMANIA_Condom_poly,S2SR_2.5m,V1a_whittaker,256,0.3743823537435273,0.17702760576369392,0.5610543102231083,-0.0036383340708550094,-0.05838116216049378,0.0414568574135796,0.44118262933419133,0.25327335679803226,0.599902853817416,132
SMOSMANIA_Condom_poly,S2SR_2.5m,V3a_ndmi,255,0.3707998146390367,0.18365525477896538,0.5521083001587652,-0.007008271616821826,-0.07721338471773728,0.05370504844920919,0.4185211674287686,0.2489118700833203,0.5724093362155402,132
SMOSMANIA_Condom_poly,S2SR_2.5m,V6_harmonic,256,0.3949026724307163,0.22518185450253536,0.5557914411888595,0.016881984616334,-0.010754001249652116,0.041846262606127796,0.49568735038089273,0.34230549951424627,0.623216255255306,132
SMOSMANIA_Condom_poly,S2SR_2.5m,V3d_meanz,255,0.38512297576075905,0.20265194936146083,0.558350039303567,0.007314889504900501,-0.04096101307817792,0.04982457556443377,0.43284901124727365,0.26324255053037393,0.5869089437689989,132
SMOSMANIA_Condom_poly,S2_10m,B0_ndvi,257,0.3723714418169296,0.20553109884916765,0.5368805267452026,0.0,0.0,0.0,0.47174108728714786,0.30709285030253747,0.6095378547201667,132
SMOSMANIA_Condom_poly,S2_10m,V1a_whittaker,257,0.371233581375443,0.1718079201315419,0.5552325040731796,-0.0011378604414866156,-0.05282067237346046,0.04311076684051334,0.43500048572906375,0.24395227717540927,0.6003508925662081,132
SMOSMANIA_Condom_poly,S2_10m,V3a_ndmi,257,0.4040439616124048,0.23065453378393663,0.5727498195120063,0.031672519795475196,-0.040889932226476085,0.0967056989804277,0.49918819115710644,0.3274311521093845,0.6480706830836045,132
SMOSMANIA_Condom_poly,S2_10m,V6_harmonic,257,0.3878604521643182,0.21773188841075186,0.5493852206537356,0.015489010347388588,-0.01105178054155272,0.03977290333319943,0.4898838748057701,0.3321907751268046,0.6188195549989564,132
VINEYARD_06,S2_10m,B0_ndvi,247,0.4264606158379833,0.2345125152352625,0.5890562634261634,0.0,0.0,0.0,0.40684852839499863,0.18552868138705103,0.5599081933831419,127
VINEYARD_06,S2_10m,V1a_whittaker,247,0.4218614648483652,0.22390106678725613,0.5808778433419658,-0.004599150989618106,-0.04921355443430882,0.03822433703595018,0.38041988281966266,0.1256464177958769,0.5636706595498371,127
VINEYARD_06,S2_10m,V3a_ndmi,247,0.39044947379175615,0.17715361807936172,0.5692411379221111,-0.03601114204622713,-0.10136626499349635,0.013441957564660791,0.3206392424513501,0.08274681227491684,0.5242279098520269,127
VINEYARD_06,S2_10m,V6_harmonic,247,0.4417321805607269,0.24663615758017451,0.6074558155130231,0.015271564722743602,-0.0036837775574623086,0.03157070508943277,0.4157723647001146,0.20353442956305073,0.5693709432678586,127
