product,set,rule,desc,n,n_obs,n_flag,hits,fa,misses,pod,far,csi,hss,r,r_lo,r_hi,n_years,flags_per_year,flags_by_year
S2SR_2.5m,own_ndvi,a_ndvi,NDVI z<=-1,200,34,31,1,30,33,0.029411764705882353,0.967741935483871,0.015625,-0.15681233933161937,0.38341173350996144,0.1611042167877597,0.5803574936831811,7,4.428571428571429,"{""2018"": 2, ""2020"": 6, ""2022"": 22, ""2023"": 1}"
S2SR_2.5m,common,a_ndvi,NDVI z<=-1,200,34,31,1,30,33,0.029411764705882353,0.967741935483871,0.015625,-0.15681233933161937,0.38341173350996144,0.1611042167877597,0.5803574936831811,7,4.428571428571429,"{""2018"": 2, ""2020"": 6, ""2022"": 22, ""2023"": 1}"
S2SR_2.5m,common,b_ndre,NDRE z<=-1,200,34,29,0,29,34,0.0,1.0,0.0,-0.1855476100865641,0.2909417558325223,0.06343105170889543,0.5059857886311167,7,4.142857142857143,"{""2018"": 1, ""2020"": 8, ""2022"": 19, ""2023"": 1}"
S2SR_2.5m,common,c_ndmi,NDMI z<=-1,200,34,47,4,43,30,0.11764705882352941,0.9148936170212766,0.05194805194805195,-0.1227314672408488,0.4003004449081976,0.15968579586878529,0.6027888293832349,7,6.714285714285714,"{""2018"": 4, ""2019"": 2, ""2020"": 16, ""2022"": 24, ""2023"": 1}"
S2SR_2.5m,common,d_2of3,>=2 z 3 z<=-1 (mediana),200,34,33,1,32,33,0.029411764705882353,0.9696969696969697,0.015151515151515152,-0.16529221943348868,0.36708620426597594,0.14181130080131513,0.5731362985925998,7,4.714285714285714,"{""2018"": 2, ""2020"": 8, ""2022"": 22, ""2023"": 1}"
S2SR_2.5m,common,e_3of3,wszystkie 3 z<=-1 (maksimum),200,34,26,0,26,34,0.0,1.0,0.0,-0.17279124315871783,0.32932464784601273,0.09791629747214764,0.5385201451955497,7,3.7142857142857144,"{""2020"": 6, ""2022"": 19, ""2023"": 1}"
S2SR_2.5m,common,f_mean,srednia 3 z<=-1,200,34,36,1,35,33,0.029411764705882353,0.9722222222222222,0.014492753623188406,-0.17728531855955698,0.3678301832042256,0.13053562052018658,0.5796026711138076,7,5.142857142857143,"{""2018"": 2, ""2020"": 11, ""2022"": 22, ""2023"": 1}"
S2SR_2.5m,common,a_ndvi@d_2of3,NDVI z<=-0.97 (liczba flag jak d_2of3),200,34,33,1,32,33,0.029411764705882353,0.9696969696969697,0.015151515151515152,-0.16529221943348868,,,,7,4.714285714285714,
S2SR_2.5m,common,a_ndvi@e_3of3,NDVI z<=-1.14 (liczba flag jak e_3of3),200,34,26,1,25,33,0.029411764705882353,0.9615384615384616,0.01694915254237288,-0.1336982017200939,,,,7,3.7142857142857144,
S2SR_2.5m,common,a_ndvi@f_mean,NDVI z<=-0.86 (liczba flag jak f_mean),200,34,36,1,35,33,0.029411764705882353,0.9722222222222222,0.014492753623188406,-0.17728531855955698,,,,7,5.142857142857143,
S2_10m,own_ndvi,a_ndvi,NDVI z<=-1,202,34,30,1,29,33,0.029411764705882353,0.9666666666666667,0.015873015873015872,-0.15025716385011018,0.3737799723595384,0.1557658504055135,0.5709860948432582,7,4.285714285714286,"{""2018"": 2, ""2020"": 5, ""2022"": 21, ""2023"": 2}"
S2_10m,common,a_ndvi,NDVI z<=-1,202,34,30,1,29,33,0.029411764705882353,0.9666666666666667,0.015873015873015872,-0.15025716385011018,0.3737799723595384,0.1557658504055135,0.5709860948432582,7,4.285714285714286,"{""2018"": 2, ""2020"": 5, ""2022"": 21, ""2023"": 2}"
S2_10m,common,b_ndre,NDRE z<=-1,202,34,29,0,29,34,0.0,1.0,0.0,-0.18337362841733293,0.2925363171709056,0.06313831874736284,0.5074681927889786,7,4.142857142857143,"{""2018"": 1, ""2020"": 8, ""2022"": 19, ""2023"": 1}"
S2_10m,common,c_ndmi,NDMI z<=-1,202,34,46,4,42,30,0.11764705882352941,0.9130434782608695,0.05263157894736842,-0.11602209944751386,0.37606137892497526,0.13295159102463258,0.5905556387229115,7,6.571428571428571,"{""2018"": 4, ""2019"": 2, ""2020"": 15, ""2022"": 24, ""2023"": 1}"
S2_10m,common,d_2of3,>=2 z 3 z<=-1 (mediana),202,34,33,1,32,33,0.029411764705882353,0.9696969696969697,0.015151515151515152,-0.1629760850310006,0.3498089354321237,0.12333504226038931,0.5514431211890225,7,4.714285714285714,"{""2018"": 2, ""2020"": 8, ""2022"": 22, ""2023"": 1}"
S2_10m,common,e_3of3,wszystkie 3 z<=-1 (maksimum),202,34,24,0,24,34,0.0,1.0,0.0,-0.16184053946846474,0.32909890517222345,0.10327185028261318,0.5426818792409939,7,3.4285714285714284,"{""2020"": 5, ""2022"": 18, ""2023"": 1}"
S2_10m,common,f_mean,srednia 3 z<=-1,202,34,36,1,35,33,0.029411764705882353,0.9722222222222222,0.014492753623188406,-0.1748203900102635,0.356569336961411,0.12615238745424356,0.5628955714178338,7,5.142857142857143,"{""2018"": 2, ""2020"": 11, ""2022"": 22, ""2023"": 1}"
S2_10m,common,a_ndvi@d_2of3,NDVI z<=-0.95 (liczba flag jak d_2of3),202,34,33,1,32,33,0.029411764705882353,0.9696969696969697,0.015151515151515152,-0.1629760850310006,,,,7,4.714285714285714,
S2_10m,common,a_ndvi@e_3of3,NDVI z<=-1.15 (liczba flag jak e_3of3),202,34,24,1,23,33,0.029411764705882353,0.9583333333333334,0.017543859649122806,-0.12177707259024181,,,,7,3.4285714285714284,
S2_10m,common,a_ndvi@f_mean,NDVI z<=-0.86 (liczba flag jak f_mean),202,34,36,1,35,33,0.029411764705882353,0.9722222222222222,0.014492753623188406,-0.1748203900102635,,,,7,5.142857142857143,
