product,rule,r_rule,r_ndvi,dr,dr_lo,dr_hi,n
S2SR_2.5m,b_ndre,0.2909417558325223,0.38341173350996144,-0.09246997767743914,-0.16016750474470232,-0.03937994293402031,200
S2SR_2.5m,c_ndmi,0.4003004449081976,0.38341173350996144,0.016888711398236167,-0.054121146240548194,0.07817031552885273,200
S2SR_2.5m,d_2of3,0.36708620426597594,0.38341173350996144,-0.016325529243985504,-0.043363095701480614,0.005287303110057502,200
S2SR_2.5m,e_3of3,0.32932464784601273,0.38341173350996144,-0.05408708566394871,-0.10367612081592788,-0.012240372914485001,200
S2SR_2.5m,f_mean,0.3678301832042256,0.38341173350996144,-0.015581550305735825,-0.05342207364828592,0.015820034579740634,200
S2_10m,b_ndre,0.2925363171709056,0.3737799723595384,-0.0812436551886328,-0.13960909806789953,-0.03778153774265135,202
S2_10m,c_ndmi,0.37606137892497526,0.3737799723595384,0.00228140656543685,-0.06973206898434879,0.06104422067898679,202
S2_10m,d_2of3,0.3498089354321237,0.3737799723595384,-0.0239710369274147,-0.05282134039537801,-0.0019943856980864125,202
S2_10m,e_3of3,0.32909890517222345,0.3737799723595384,-0.04468106718731496,-0.08571727808253624,-0.009673617808654139,202
S2_10m,f_mean,0.356569336961411,0.3737799723595384,-0.017210635398127394,-0.053605440246531584,0.00997780782369942,202
